chapter,entry,english_meaning,Kalamang,data_2,data_3,data_4,data_5,data_6,comment,Column1,Column2,Column3,Column4,Column5,Column6,Column7,Column8,Column9,Column10,Column11,Column12
1,100,world,dunia,,,,,,Malay or other Austronesian loan,,,,,,,,,,,,
1,210,"earth, land",kibis,,,,,,,,,,,,,,,,,,
1,212,"earth=ground, soil",naun,,,,,,,,,,,,,,,,,,
1,213,dust,,,,,,,,,,,,,,,,,,,
1,214,mud,paos,,,,,,,,,,,,,,,,,,
1,215,sand,os,,,,,,,,,,,,,,,,,,
1,220,"mountain, hill",turing,,,,,,,,,,,,,,,,,,
1,220,"mountain, hill",kolak,,,,,,,,,,,,,,,,,,
1,222,"cliff, precipice",karemun,,,,,,,,,,,,,,,,,,
1,230,"plain, field",,,,,,,,,,,,,,,,,,,
1,240,valley,,,,,,,,,,,,,,,,,,,
1,250,island,lempuang,,,,,,,,,,,,,,,,,,
1,260,mainland,kibis,,,,,,,,,,,,,,,,,,
1,260,mainland,kolak,,,,,,,,,,,,,,,,,,
1,270,shore,pasierbol,,,,,,,,,,,,,,,,,,
1,270,shore,kibis,,,,,,,,,,,,,,,,,,
1,280,cave,iar,,,,,,,,,,,,,,,,,,
1,310,water,per,,,,,,,,,,,,,,,,,,
1,320,sea,pasier,,,,,,,,,,,,,,,,,,
1,320,sea,wilak,,,,,,,,,,,,,,,,,,
1,322,calm (of sea),up,,,,,,,,,,,,,,,,,,
1,323,rough (of sea),ur temun,,,,,,,,,,,,,,,,,,
1,324,foam,pus,,,,,,,,,,,,,,,,,,
1,329,ocean,pasier,,,,,,,,,,,,,,,,,,
1,329,ocean,wilak,,,,,,,,,,,,,,,,,,
1,330,lake,kat,,,,,,,,,,,,,,,,,,
1,340,"gulf, bay",arep,,,,,,,,,,,,,,,,,,
1,341,lagoon,arep,,,,,,,,,,,,,,,,,,
1,342,reef,tebol,,,,,,,,,,,,,,,,,,
1,342,reef,ram,,,,,,,,,,,,,,,,,,
1,342,reef,lam,,,,,,,,,,,,,,,,,,
1,343,"headland, point",,,,,,,,,,,,,,,,,,,
1,350,wave,uren,,,,,,,,,,,,,,,,,,
1,352,tide,warkin,,,,,,,,,,,,,,,,,,
1,353,lowtide,warkin kararak,,,,,,,,,,,,,,,,,,
1,353,lowtide,terar kararak,,,,,,,,,,,,,,,,,,
1,353,lowtide,warkin tararup,,,,,,,,,,,,,,,,,,
1,353,lowtide,warkin garos,,,,,,,,,,,,,,,,,,
1,354,hightide,warkin laur,,,,,,,,,,,,,,,,,,
1,354,hightide,warkin nasesak,,,,,,,,,,,,,,,,,,
1,360,"river, stream, brook",kat,,,,,,,,,,,,,,,,,,
1,362,whirlpool,,,,,,,,,,,,,,,,,,,
1,370,"spring, well",,,,,,,,,,,,,,,,,,,
1,380,swamp,,,,,,,,,,,,,,,,,,,
1,390,waterfall,perki,,,,,,,,,,,,,,,,,,
1,410,"woods, forest",kolak,,,,,,,,,,,,,,,,,,
1,420,tree (cf 08.600),ror,,,,,,,,,,,,,,,,,,
1,430,wood,ror,,,,,,,,,,,,,,,,,,
1,440,"stone, rock",yar,,,,,,,,,,,,,,,,,,
1,450,earthquake,leng dek,,,,,,,,,,,,,,,,,,
1,510,sky,kisileng,,,,,,,,,,,,,,,,,,
1,520,sun,yuon,,,,,,,,,,,,,,,,,,
1,530,moon,pak,,,,,,,,,,,,,,,,,,
1,540,star,maser,,,,,,,,,,,,,,,,,,
1,550,lightning,godelep,,,,,,,,,,,,,,,,,,
1,560,thunder,godarung,,,,,,,,,,,,,,,,,,
1,570,lightning (as striking),,,,,,,,,,,,,,,,,,,
1,580,storm,ur temun,,,,,,,,,,,,,,,,,,
1,590,rainbow,kalis tanggir,,,,,,,,,,,,,,,,,,
1,610,light (noun),yuol,,,,,,,,,,,,,,,,,,
1,620,darkness,sausaun,,,,,,,,,,,,,,,,,,
1,630,"shade, shadow",kiek,,,,,,,,,,,,,,,,,,
1,630,"shade, shadow",kiekter,,,,,,,,,,,,,,,,,,
1,640,dew,masinul,,,,,,,,,,,,,,,,,,
1,710,air,,,,,,,,,,,,,,,,,,,
1,720,wind,ur,,,,,,,,,,,,,,,,,,
1,730,cloud,ur kirun,,,,,,,,,,,,,,,,,,
1,740,fog,teok,,,,,,,,,,,,,,,,,,
1,750,rain (noun),kalis,,,,,,,,,,,,,,,,,,
1,760,snow (noun),teok,,,,,,,,,,,,,,,,,,
1,770,ice,es,,,,,,,,,,,,,,,,,,
1,780,weather,go,,,,,,,,,,,,,,,,,,
1,810,fire,din,,,,,,,,,,,,,,,,,,
1,820,flame (noun),din paras,,,,,,,,,,,,,,,,,,
1,830,smoke (noun),diguar,,,,,,,,,,,,,,,,,,
1,840,ashes,koep,,,,,,,,,,,,,,,,,,
1,841,embers,din songsong,,,,,,,,,,,,,,,,,,
1,841,embers,paras,,,,,,,,,,,,,,,,,,
1,851,burn (vb trans),komaruk,,,,,,,,,,,,,,,,,,
1,852,burn (vb intrans),dinan,,,,,,,,,,,,,,,,,,
1,860,"light, kindle, ignite",up,,,,,,,,,,,,,,,,,,
1,861,extinguish,rua,,,,,,,,,,,,,,,,,,
1,870,match (noun),,,,,,,,,,,,,,,,,,,
1,880,firewood,kai,,,,,,,,,,,,,,,,,,
1,890,charcoal,kus,,,,,,,,,,,,,,,,,,
2,100,"person, human being",sontum,,,,,,,,,,,,,,,,,,
2,100,"person, human being",som,,,,,,,,,,,,,,,,,,
2,210,man (vs. woman),teya,,,,,,,,,,,,,,,,,,
2,210,man (vs. woman),canam,,,,,,,,,,,,,,,,,,
2,220,woman,pebis,,,,,,,,,,,,,,,,,,
2,220,woman,pas,,,,,,,,,,,,,,,,,,
2,230,male,teya,,,,,,,,,,,,,,,,,,
2,230,male,canam,,,,,,,,,,,,,,,,,,
2,240,female,pebis,,,,,,,,,,,,,,,,,,
2,240,female,pas,,,,,,,,,,,,,,,,,,
2,250,boy,tumun canam,,,,,,,,,,,,,,,,,,
2,251,young man (adolescent),teya towari,,,,,,,,,,,,,,,,,,
2,260,girl,tumun pas,,,,,,,,,,,,,,,,,,
2,261,young woman (adolescent),pebis towari,,,,,,,,,,,,,,,,,,
2,270,child,tumun,,,,,,,,,,,,,,,,,,
2,280,"infant, baby",au,,,,,,,,,,,,,,,,,,
2,310,husband,nam,,,,,,,,,,,,,,,,,,
2,320,wife,kiar,,,,,,,,,,,,,,,,,,
2,330,marry,kion,,,,,,,,,,,,,,,,,,
2,330,marry,namgon,,,,,,,,,,,,,,,,,,
2,340,"marriage, wedding",halar,,,,,,Malay or other Austronesian loan,,,,,,,,,,,,
2,340,"marriage, wedding",nika,,,,,,Malay or other Austronesian loan,,,,,,,,,,,,
2,341,divorce,,,,,,,,,,,,,,,,,,,
2,350,father,esa,,,,,,,,,,,,,,,,,,
2,360,mother,ema,,,,,,,,,,,,,,,,,,
2,370,parents,,,,,,,,,,,,,,,,,,,
2,380,married man,,,,,,,,,,,,,,,,,,,
2,390,married woman,,,,,,,,,,,,,,,,,,,
2,410,son,tumun canam,,,,,,,,,,,,,,,,,,
2,420,daughter,tumun pas,,,,,,,,,,,,,,,,,,
2,430,offspring (son or daughter),,,,,,,,,,,,,,,,,,,
2,440,brother,dun-,,,,,,opposite sex,,,,,,,,,,,,
2,440,brother,kia-,,,,,,same sex,,,,,,,,,,,,
2,444,older brother,dun- temun,,,,,,opposite sex,,,,,,,,,,,,
2,444,older brother,kia- temun,,,,,,same sex,,,,,,,,,,,,
2,445,younger brother,dun- cicaun,,,,,,opposite sex,,,,,,,,,,,,
2,445,younger brother,kia- cicaun,,,,,,same sex,,,,,,,,,,,,
2,450,sister,dun-,,,,,,opposite sex,,,,,,,,,,,,
2,450,sister,kia-,,,,,,same sex,,,,,,,,,,,,
2,454,older sister,dun- temun,,,,,,opposite sex,,,,,,,,,,,,
2,454,older sister,kia- temun,,,,,,same sex,,,,,,,,,,,,
2,455,younger sister,dun- cicaun,,,,,,opposite sex,,,,,,,,,,,,
2,455,younger sister,kia- cicaun,,,,,,same sex,,,,,,,,,,,,
2,456,sibling,dun-,,,,,,opposite sex,,,,,,,,,,,,
2,456,sibling,kia-,,,,,,same sex,,,,,,,,,,,,
2,458,twins,,,,,,,,,,,,,,,,,,,
2,460,grandfather,tara esnem,,,,,,,,,,,,,,,,,,
2,460,grandfather,tata,,,,,,,,,,,,,,,,,,
2,461,old man,esnem,,,,,,,,,,,,,,,,,,
2,470,grandmother,tara emnem,,,,,,,,,,,,,,,,,,
2,470,grandmother,nina,,,,,,,,,,,,,,,,,,
2,471,old woman,emnem,,,,,,,,,,,,,,,,,,
2,480,grandson,tara canam,,,,,,,,,,,,,,,,,,
2,490,granddaughter,tara pas,,,,,,,,,,,,,,,,,,
2,510,uncle,esa,,,,,,FB,,,,,,,,,,,,
2,510,uncle,mama,,,,,,MB,,,,,,,,,,,,
2,510,uncle,om,,,,,,Malay or other Austronesian loan,,,,,,,,,,,,
2,511,mother's brother,mama,,,,,,,,,,,,,,,,,,
2,512,father's brother,esa,,,,,,,,,,,,,,,,,,
2,520,aunt,ema,,,,,,MZ,,,,,,,,,,,,
2,520,aunt,u,,,,,,FZ,,,,,,,,,,,,
2,520,aunt,ulan,,,,,,FZ,,,,,,,,,,,,
2,521,mother's sister,ema,,,,,,,,,,,,,,,,,,
2,522,father's sister,u,,,,,,,,,,,,,,,,,,
2,522,father's sister,ulan,,,,,,,,,,,,,,,,,,
2,530,nephew,dudan,,,,,,,,,,,,,,,,,,
2,530,nephew,korap,,,,,,,,,,,,,,,,,,
2,540,niece,dudan,,,,,,,,,,,,,,,,,,
2,540,niece,korap,,,,,,,,,,,,,,,,,,
2,550,cousin,dudan,,,,,,,,,,,,,,,,,,
2,550,cousin,korap,,,,,,,,,,,,,,,,,,
2,560,ancestors,moyang,,,,,,Malay or other Austronesian loan,,,,,,,,,,,,
2,570,descendants,,,,,,,,,,,,,,,,,,,
2,610,father-in-law (of a man),ketan,,,,,,,,,,,,,,,,,,
2,611,father-in-law (of a woman),ketan,,,,,,,,,,,,,,,,,,
2,620,mother-in-law (of a man),ketan,,,,,,,,,,,,,,,,,,
2,621,mother-in-law (of a woman),ketan,,,,,,,,,,,,,,,,,,
2,630,son-in-law (of a man),ketan,,,,,,,,,,,,,,,,,,
2,631,son-in-law (of a woman),ketan,,,,,,,,,,,,,,,,,,
2,640,daughter-in-law (of a man),ketan,,,,,,,,,,,,,,,,,,
2,641,daughter-in-law (of a woman),ketan,,,,,,,,,,,,,,,,,,
2,710,stepfather,,,,,,,,,,,,,,,,,,,
2,720,stepmother,,,,,,,,,,,,,,,,,,,
2,730,stepson,,,,,,,,,,,,,,,,,,,
2,740,stepdaughter,,,,,,,,,,,,,,,,,,,
2,750,orphan,tumun miskinden,,,,,,miskin Malay or other Austronesian loan,,,,,,,,,,,,
2,760,widow,paskot,,,,,,,,,,,,,,,,,,
2,770,widower,kamun,,,,,,,,,,,,,,,,,,
2,810,"relatives, kinsmen",,,,,,,,,,,,,,,,,,,
2,820,family,,,,,,,,,,,,,,,,,,,
2,910,I,an,,,,,,,,,,,,,,,,,,
2,920,you (singular),ka,,,,,,,,,,,,,,,,,,
2,930,he/she/it,mama,,,,,,,,,,,,,,,,,,
2,940,we,in,,,,,,,,,,,,,,,,,,
2,940,we,pi,,,,,,,,,,,,,,,,,,
2,941,we (inclusive),pi,,,,,,,,,,,,,,,,,,
2,942,we (exclusive),in,,,,,,,,,,,,,,,,,,
2,950,you (plural),ki,,,,,,,,,,,,,,,,,,
2,960,they,mu,,,,,,,,,,,,,,,,,,
3,110,animal,binatang,,,,,,Malay or other Austronesian loan,,,,,,,,,,,,
3,110,animal,hewan,,,,,,Malay or other Austronesian loan,,,,,,,,,,,,
3,120,male (adj),teya,,,,,,,,,,,,,,,,,,
3,120,male (adj),canam,,,,,,,,,,,,,,,,,,
3,130,female (adj),pebis,,,,,,,,,,,,,,,,,,
3,130,female (adj),pas,,,,,,,,,,,,,,,,,,
3,150,livestock,,,,,,,,,,,,,,,,,,,
3,160,pasture,,,,,,,,,,,,,,,,,,,
3,180,herdsman,,,,,,,,,,,,,,,,,,,
3,190,"stable, stall",,,,,,,,,,,,,,,,,,,
3,200,cattle (bovine),,,,,,,,,,,,,,,,,,,
3,210,bull,,,,,,,,,,,,,,,,,,,
3,220,ox,,,,,,,,,,,,,,,,,,,
3,230,cow,sapi,,,,,,Malay or other Austronesian loan,,,,,,,,,,,,
3,240,calf,,,,,,,,,,,,,,,,,,,
3,250,sheep,,,,,,,,,,,,,,,,,,,
3,260,ram,,,,,,,,,,,,,,,,,,,
3,280,ewe,,,,,,,,,,,,,,,,,,,
3,290,lamb,,,,,,,,,,,,,,,,,,,
3,320,boar,,,,,,,,,,,,,,,,,,,
3,340,sow,,,,,,,,,,,,,,,,,,,
3,350,pig,pep,,,,,,,,,,,,,,,,,,
3,360,goat,lek,,,,,,,,,,,,,,,,,,
3,370,he-goat,,,,,,,,,,,,,,,,,,,
3,380,kid,,,,,,,,,,,,,,,,,,,
3,410,horse (equine),lajarang,,,,,,,,,,,,,,,,,,
3,420,stallion,,,,,,,,,,,,,,,,,,,
3,440,mare,,,,,,,,,,,,,,,,,,,
3,450,"foal, colt",,,,,,,,,,,,,,,,,,,
3,460,"ass, donkey",,,,,,,,,,,,,,,,,,,
3,470,mule,,,,,,,,,,,,,,,,,,,
3,500,fowl,,,,,,,,,,,,,,,,,,,
3,520,"cock, rooster",,,,,,,,,,,,,,,,,,,
3,540,hen,,,,,,,,,,,,,,,,,,,
3,550,chicken,kokok,,,,,,,,,,,,,,,,,,
3,560,goose,,,,,,,,,,,,,,,,,,,
3,570,duck,bebak,,,,,,Malay or other Austronesian loan,,,,,,,,,,,,
3,580,nest,eun,,,,,,,,,,,,,,,,,,
3,581,bird,kasamin,,,,,,,,,,,,,,,,,,
3,582,seagull,kaskas,,,,,,,,,,,,,,,,,,
3,583,heron,doka,,,,,,,,,,,,,,,,,,
3,584,eagle,lusi,,,,,,,,,,,,,,,,,,
3,585,hawk,,,,,,,,,,,,,,,,,,,
3,586,vulture,,,,,,,,,,,,,,,,,,,
3,591,bat,kuek,,,,,,,,,,,,,,,,,,
3,592,parrot,kastupi,,,,,,,,,,,,,,,,,,
3,592,parrot,keir,,,,,,,,,,,,,,,,,,
3,592,parrot,wororoi,,,,,,,,,,,,,,,,,,
3,592,parrot,busbus,,,,,,,,,,,,,,,,,,
3,593,crow,goras,,,,,,,,,,,,,,,,,,
3,594,dove,sikuki,,,,,,,,,,,,,,,,,,
3,596,owl,kumbai,,,,,,,,,,,,,,,,,,
3,596,owl,parai,,,,,,,,,,,,,,,,,,
3,610,dog,bal,,,,,,,,,,,,,,,,,,
3,614,rabbit,,,,,,,,,,,,,,,,,,,
3,620,cat,sikan,,,,,,,,,,,,,,,,,,
3,622,opossum,,,,,,,,,,,,,,,,,,,
3,630,"mouse, rat",,,,,,,,,,,,,,,,,,,
3,650,fish,sor,,,,,,,,,,,,,,,,,,
3,652,fin (dorsal),,,,,,,,,,,,,,,,,,,
3,653,fishscale,,,,,,,,,,,,,,,,,,,
3,654,gill,,,,,,,,,,,,,,,,,,,
3,655,shell,ko,,,,,,,,,,,,,,,,,,
3,661,shark,ruar,,,,,,,,,,,,,,,,,,
3,661,shark,war,,,,,,,,,,,,,,,,,,
3,662,"porpoise, dolphin",kurap,,,,,,,,,,,,,,,,,,
3,663,whale,kowam,,,,,,,,,,,,,,,,,,
3,664,stingray,,,,,,,,,,,,,,,,,,,
3,665,freshwater eel,baluku,,,,,,,,,,,,,,,,,,
3,710,wolf,,,,,,,,,,,,,,,,,,,
3,720,lion,,,,,,,,,,,,,,,,,,,
3,730,bear,,,,,,,,,,,,,,,,,,,
3,740,fox,,,,,,,,,,,,,,,,,,,
3,750,deer,rusa,,,,,,,,,,,,,,,,,,
3,760,monkey,leki,,,,,,Malay or other Austronesian loan,,,,,,,,,,,,
3,760,monkey,monyet,,,,,,Malay or other Austronesian loan,,,,,,,,,,,,
3,770,elephant,,,,,,,,,,,,,,,,,,,
3,780,camel,,,,,,,,,,,,,,,,,,,
3,810,insect,,,,,,,,,,,,,,,,,,,
3,811,louse,mun,,,,,,,,,,,,,,,,,,
3,812,nit (louse egg),mun narun,,,,,,,,,,,,,,,,,,
3,813,flea,mun,,,,,,,,,,,,,,,,,,
3,814,centipede,masawin,,,,,,,,,,,,,,,,,,
3,815,scorpion,,,,,,,,,,,,,,,,,,,
3,816,cockroach,dudin,,,,,,,,,,,,,,,,,,
3,817,ant,singasingat,,,,,,,,,,,,,,,,,,
3,817,ant,donenet,,,,,,,,,,,,,,,,,,
3,817,ant,karebar,,,,,,,,,,,,,,,,,,
3,818,spider,pueselet,,,,,,,,,,,,,,,,,,
3,819,spider web,,,,,,,,,,,,,,,,,,,
3,820,bee,wenawena,,,,,,,,,,,,,,,,,,
3,821,beeswax,,,,,,,,,,,,,,,,,,,
3,822,beehive,wenawena eun,,,,,,,,,,,,,,,,,,
3,823,wasp,wenawena,,,,,,,,,,,,,,,,,,
3,830,fly,pabalet,,,,,,,,,,,,,,,,,,
3,831,"sandfly (midge), gnat",,,,,,,,,,,,,,,,,,,
3,832,mosquito,kalkalet,,,,,,,,,,,,,,,,,,
3,840,worm,iban,,,,,,,,,,,,,,,,,,
3,840,worm,subuman,,,,,,,,,,,,,,,,,,
3,850,snake,kip,,,,,,,,,,,,,,,,,,
3,910,firefly,elam,,,,,,,,,,,,,,,,,,
3,910,firefly,karop,,,,,,,,,,,,,,,,,,
3,910,firefly,mata dimdim,,,,,,,,,,,,,,,,,,
3,920,butterfly,pulpul,,,,,,,,,,,,,,,,,,
3,930,grasshopper,pulseka,,,,,,,,,,,,,,,,,,
3,930,grasshopper,wuar sisiarun,,,,,,,,,,,,,,,,,,
3,940,snail,yuot,,,,,,,,,,,,,,,,,,
3,940,snail,tabili,,,,,,,,,,,,,,,,,,
3,940,snail,tabuon,,,,,,,,,,,,,,,,,,
3,940,snail,nunggununggu,,,,,,,,,,,,,,,,,,
3,950,frog,kareng,,,,,,,,,,,,,,,,,,
3,960,lizard,sebua,,,,,,,,,,,,,,,,,,
3,960,lizard,irong,,,,,,,,,,,,,,,,,,
3,960,lizard,iwora,,,,,,,,,,,,,,,,,,
3,960,lizard,wakpol,,,,,,,,,,,,,,,,,,
3,970,"crocodile, alligator",paramuang,,,,,,,,,,,,,,,,,,
3,980,turtle,kerar,,,,,,,,,,,,,,,,,,
3,980,turtle,tabom,,,,,,,,,,,,,,,,,,
4,110,body,eren,,,,,,,,,,,,,,,,,,
4,110,body,kaden,,,,,,,,,,,,,,,,,,
4,120,"skin, hide",kulun,,,,,,,,,,,,,,,,,,
4,130,flesh,dagim,,,,,,Malay or other Austronesian loan,,,,,,,,,,,,
4,140,hair (head),westal,,,,,,,,,,,,,,,,,,
4,140,hair (head),bestal,,,,,,,,,,,,,,,,,,
4,142,beard,jangkut,,,,,,,,,,,,,,,,,,
4,144,body hair,kadenenen,,,,,,,,,,,,,,,,,,
4,145,pubic hair,,,,,,,,,,,,,,,,,,,
4,146,dandruff,,,,,,,,,,,,,,,,,,,
4,150,blood,karyak,,,,,,,,,,,,,,,,,,
4,151,"vein, artery",kaden kies,,,,,,,,,,,,,,,,,,
4,160,bone,kang,,,,,,,,,,,,,,,,,,
4,162,rib,kirkang,,,,,,,,,,,,,,,,,,
4,170,horn,,,,,,,,,,,,,,,,,,,
4,180,tail,or,,,,,,,,,,,,,,,,,,
4,190,back,suol,,,,,,,,,,,,,,,,,,
4,191,spine,suolkasir,,,,,,,,,,,,,,,,,,
4,200,head,nakal,,,,,,,,,,,,,,,,,,
4,201,"side of head, temple",,,,,,,,,,,,,,,,,,,
4,202,skull,,,,,,,,,,,,,,,,,,,
4,203,brain,otak,,,,,,Malay or other Austronesian loan,,,,,,,,,,,,
4,204,face,kanggirar,,,,,,,,,,,,,,,,,,
4,205,forehead,timbang,,,,,,,,,,,,,,,,,,
4,207,jaw,kanggus,,,,,,,,,,,,,,,,,,
4,208,cheek,koliep,,,,,,,,,,,,,,,,,,
4,209,chin,kanggus,,,,,,,,,,,,,,,,,,
4,210,eye,kanggir,,,,,,,,,,,,,,,,,,
4,212,eyebrow,,,,,,,,,,,,,,,,,,,
4,213,eyelid,kanggir pulun,,,,,,,,,,,,,,,,,,
4,214,eyelash,kanggir nenen,,,,,,,,,,,,,,,,,,
4,215,blink,pulem,,,,,,,,,,,,,,,,,,
4,220,ear,kelkam,,,,,,,,,,,,,,,,,,
4,221,earlobe,kelkam elaun,,,,,,,,,,,,,,,,,,
4,222,earwax,kolkiet,,,,,,,,,,,,,,,,,,
4,230,nose,bustang,,,,,,,,,,,,,,,,,,
4,231,nostril,bustang posun,,,,,,,,,,,,,,,,,,
4,232,mucus (nasal),marur,,,,,,,,,,,,,,,,,,
4,240,mouth,kanggur,,,,,,,,,,,,,,,,,,
4,240,mouth,bol,,,,,,,,,,,,,,,,,,
4,241,beak,bol,,,,,,,,,,,,,,,,,,
4,250,lip,bolkul,,,,,,,,,,,,,,,,,,
4,260,tongue,belen,,,,,,,,,,,,,,,,,,
4,270,tooth,gier,,,,,,,,,,,,,,,,,,
4,271,gums,gierkawer,,,,,,,,,,,,,,,,,,
4,272,molartooth,,,,,,,,,,,,,,,,,,,
4,280,neck,komang,,,,,,,,,,,,,,,,,,
4,281,nape of neck,,,,,,,,,,,,,,,,,,,
4,290,throat,komang,,,,,,,,,,,,,,,,,,
4,300,shoulder,bekiem,,,,,,,,,,,,,,,,,,
4,301,shoulderblade,bekiemkang,,,,,,,,,,,,,,,,,,
4,302,collarbone,aknar kangun,,,,,,,,,,,,,,,,,,
4,310,arm,tan,,,,,,,,,,,,,,,,,,
4,312,armpit,keleng,,,,,,,,,,,,,,,,,,
4,320,elbow,tanggul,,,,,,,,,,,,,,,,,,
4,321,wrist,tan kasir,,,,,,,,,,,,,,,,,,
4,330,hand,tan,,,,,,,,,,,,,,,,,,
4,331,palm of hand,,,,,,,,,,,,,,,,,,,
4,340,finger,parok,,,,,,,,,,,,,,,,,,
4,340,finger,tanparok,,,,,,,,,,,,,,,,,,
4,342,thumb,tanparoemun,,,,,,,,,,,,,,,,,,
4,344,fingernail,tanggalip,,,,,,,,,,,,,,,,,,
4,345,claw,paritman,,,,,,,,,,,,,,,,,,
4,350,leg,kor,,,,,,,,,,,,,,,,,,
4,351,thigh,kolkiem,,,,,,,,,,,,,,,,,,
4,352,calf of leg,kormul,,,,,,,,,,,,,,,,,,
4,360,knee,korpak,,,,,,,,,,,,,,,,,,
4,370,foot,kor,,,,,,,,,,,,,,,,,,
4,371,ankle,korkasir,,,,,,,,,,,,,,,,,,
4,372,heel,tararapang,,,,,,,,,,,,,,,,,,
4,374,footprint,kolkom,,,,,,,,,,,,,,,,,,
4,380,toe,korparok,,,,,,,,,,,,,,,,,,
4,392,wing,pul,,,,,,,,,,,,,,,,,,
4,392,wing,pat,,,,,,,,,,,,,,,,,,
4,393,feather,teng,,,,,,,,,,,,,,,,,,
4,400,chest,aknar,,,,,,,,,,,,,,,,,,
4,410,breast (of woman),am,,,,,,,,,,,,,,,,,,
4,412,"nipple, teat",am belun,,,,,,,,,,,,,,,,,,
4,420,udder,,,,,,,,,,,,,,,,,,,
4,430,navel,lim,,,,,,,,,,,,,,,,,,
4,440,heart,,,,,,,,,,,,,,,,,,,
4,441,lung,gawar,,,,,,,,,,,,,,,,,,
4,450,liver,min,,,,,,,,,,,,,,,,,,
4,451,kidney,kir,,,,,,,,,,,,,,,,,,
4,452,spleen,,,,,,,,,,,,,,,,,,,
4,460,stomach,kabor,,,,,,,,,,,,,,,,,,
4,461,"intestines, guts",kabun,,,,,,,,,,,,,,,,,,
4,462,waist,muler,,,,,,,,,,,,,,,,,,
4,463,hip,,,,,,,,,,,,,,,,,,,
4,464,buttocks,,,,,,,,,,,,,,,,,,,
4,470,womb,lawarun,,,,,,,,,,,,,,,,,,
4,490,testicle,elkin narun,,,,,,,,,,,,,,,,,,
4,492,penis,us,,,,,,,,,,,,,,,,,,
4,510,"breathe, breath",,,,,,,,,,,,,,,,,,,
4,520,"yawn, gape",gelem,,,,,,,,,,,,,,,,,,
4,521,hiccough,soksok,,,,,,,,,,,,,,,,,,
4,530,cough,tadon,,,,,,,,,,,,,,,,,,
4,540,sneeze,sik,,,,,,,,,,,,,,,,,,
4,550,perspire,ruam,,,,,,,,,,,,,,,,,,
4,560,spit,palom,,,,,,,,,,,,,,,,,,
4,570,vomit,emguk,,,,,,,,,,,,,,,,,,
4,580,bite,koraruo,,,,,,,,,,,,,,,,,,
4,590,lick,kobelen,,,,,,,,,,,,,,,,,,
4,591,dribble,,,,,,,,,,,,,,,,,,,
4,610,sleep,min,,,,,,,,,,,,,,,,,,
4,612,snore,minggaruk,,,,,,,,,,,,,,,,,,
4,620,dream,wuorwuor,,,,,,,,,,,,,,,,,,
4,630,wake up,parar,,,,,,,,,,,,,,,,,,
4,640,break wind,kietpo,,,,,,,,,,,,,,,,,,
4,650,urinate,ulur,,,,,,,,,,,,,,,,,,
4,660,defecate,kietkiet,,,,,,,,,,,,,,,,,,
4,670,have sexual intercourse,yam,,,,,,,,,,,,,,,,,,
4,670,have sexual intercourse,kasuo,,,,,,,,,,,,,,,,,,
4,680,shiver,nabobar,,,,,,,,,,,,,,,,,,
4,690,bathe,waruo,,,,,,,,,,,,,,,,,,
4,690,bathe,boubou,,,,,,,,,,,,,,,,,,
4,710,beget (of father),,,,,,,,,,,,,,,,,,,
4,720,born (to be),,,,,,,,,,,,,,,,,,,
4,730,pregnant,kaborko,,,,,,,,,,,,,,,,,,
4,732,conceive,,,,,,,,,,,,,,,,,,,
4,740,"live, living, life",hidup,,,,,,Malay or other Austronesian loan,,,,,,,,,,,,
4,750,"die, dead",somin,,,,,,,,,,,,,,,,,,
4,750,"die, dead",korek,,,,,,,,,,,,,,,,,,
4,751,drowned,,,,,,,,,,,,,,,,,,,
4,760,kill,rua,,,,,,,,,,,,,,,,,,
4,770,corpse,bangki,,,,,,,,,,,,,,,,,,
4,780,bury (the dead),dan,,,,,,,,,,,,,,,,,,
4,790,"grave, tomb",kubir,,,,,,,,,,,,,,,,,,
4,810,"strong, mighty, powerful",kuat,,,,,,Malay or other Austronesian loan,,,,,,,,,,,,
4,820,weak,kememe,,,,,,,,,,,,,,,,,,
4,820,weak,kaloum,,,,,,,,,,,,,,,,,,
4,830,"well, health",bes,,,,,,,,,,,,,,,,,,
4,830,"well, health",kuat,,,,,,Malay or other Austronesian loan,,,,,,,,,,,,
4,840,"sick, sickness",ning,,,,,,,,,,,,,,,,,,
4,841,fever,kaden lalang,,,,,,,,,,,,,,,,,,
4,842,goiter,,,,,,,,,,,,,,,,,,,
4,843,cold (catarrh),,,,,,,,,,,,,,,,,,,
4,850,"wound, sore",patin,,,,,,,,,,,,,,,,,,
4,852,bruise,,,,,,,,,,,,,,,,,,,
4,853,swelling,ruan,,,,,,verb,,,,,,,,,,,,
4,853,swelling,panggala,,,,,,verb,,,,,,,,,,,,
4,854,itch,layier,,,,,,,,,,,,,,,,,,
4,855,blister,,,,,,,,,,,,,,,,,,,
4,856,boil (noun),sabet,,,,,,,,,,,,,,,,,,
4,857,pus,te,,,,,,,,,,,,,,,,,,
4,858,scar,patin ter,,,,,,,,,,,,,,,,,,
4,860,"cure, heal",cam,,,,,,,,,,,,,,,,,,
4,870,physician,kamanget,,,,,,,,,,,,,,,,,,
4,880,"medicine, drug",kai,,,,,,,,,,,,,,,,,,
4,890,poison,,,,,,,,,,,,,,,,,,,
4,910,"tired, weary",capai,,,,,,,,,,,,,,,,,,
4,910,"tired, weary",kanggir pop,,,,,,,,,,,,,,,,,,
4,912,rest,osie,,,,,,,,,,,,,,,,,,
4,920,lazy,barahala,,,,,,,,,,,,,,,,,,
4,920,lazy,monkaret,,,,,,,,,,,,,,,,,,
4,920,lazy,jabul,,,,,,,,,,,,,,,,,,
4,930,bald,,,,,,,,,,,,,,,,,,,
4,940,lame,,,,,,,,,,,,,,,,,,,
4,950,deaf,kelkam toktok,,,,,,,,,,,,,,,,,,
4,960,mute,,,,,,,,,,,,,,,,,,,
4,970,blind,kanggir saun,,,,,,,,,,,,,,,,,,
4,980,intoxicated,,,,,,,,,,,,,,,,,,,
4,990,"naked, bare",,,,,,,,,,,,,,,,,,,
5,110,eat,muap,,,,,,,,,,,,,,,,,,
5,110,eat,na,,,,,,,,,,,,,,,,,,
5,120,food,muap,,,,,,,,,,,,,,,,,,
5,121,cooked,ruo,,,,,,,,,,,,,,,,,,
5,122,raw,kangguar,,,,,,,,,,,,,,,,,,
5,123,ripe,iren,,,,,,,,,,,,,,,,,,
5,123,ripe,sawaun,,,,,,,,,,,,,,,,,,
5,124,"green, unripe",kangguar,,,,,,,,,,,,,,,,,,
5,124,"green, unripe",kalomun,,,,,,,,,,,,,,,,,,
5,125,rotten,mun,,,,,,,,,,,,,,,,,,
5,125,rotten,kap,,,,,,,,,,,,,,,,,,
5,125,rotten,gawar,,,,,,,,,,,,,,,,,,
5,130,drink,minum / minuman,,,,,,,,,,,,,,,,,,
5,140,hunger,muawese,,,,,,,,,,,,,,,,,,
5,141,famine,,,,,,,,,,,,,,,,,,,
5,150,thirst,haus,,,,,,,,,,,,,,,,,,
5,160,suck,kosom,,,,,,,,,,,,,,,,,,
5,180,chew,pak,,,,,,,,,,,,,,,,,,
5,181,swallow,dareok,,,,,,,,,,,,,,,,,,
5,190,choke,,,,,,,,,,,,,,,,,,,
5,210,cook,kuar,,,,,,,,,,,,,,,,,,
5,220,boil (vb),laur,,,,,,,,,,,,,,,,,,
5,220,boil (vb),nasomit,,,,,,,,,,,,,,,,,,
5,230,"roast, fry",pasor,,,,,,,,,,,,,,,,,,
5,240,bake,sair,,,,,,,,,,,,,,,,,,
5,250,oven,ofin,,,,,,Malay or other Austronesian loan,,,,,,,,,,,,
5,250,oven,siriar,,,,,,,,,,,,,,,,,,
5,250,oven,pau,,,,,,,,,,,,,,,,,,
5,260,"pot, cooking vessel",panci,,,,,,Malay or other Austronesian loan,,,,,,,,,,,,
5,260,"pot, cooking vessel",dandang,,,,,,,,,,,,,,,,,,
5,260,"pot, cooking vessel",kaling,,,,,,,,,,,,,,,,,,
5,270,kettle,ketal,,,,,,,,,,,,,,,,,,
5,280,pan,panci,,,,,,Malay or other Austronesian loan,,,,,,,,,,,,
5,280,pan,dandang,,,,,,,,,,,,,,,,,,
5,280,pan,kaling,,,,,,,,,,,,,,,,,,
5,310,dish,,,,,,,,,,,,,,,,,,,
5,320,plate,pingan,,,,,,,,,,,,,,,,,,
5,330,bowl,,,,,,,,,,,,,,,,,,,
5,340,"pitcher, jug",,,,,,,,,,,,,,,,,,,
5,350,"cup, drinking vessel",cangkir,,,,,,,,,,,,,,,,,,
5,360,saucer,,,,,,,,,,,,,,,,,,,
5,370,spoon,sasul,,,,,,,,,,,,,,,,,,
5,380,knife,tektek,,,,,,,,,,,,,,,,,,
5,390,fork,,,,,,,,,,,,,,,,,,,
5,391,tongs,kowaram,,,,,,,,,,,,,,,,,,
5,410,meal (a),,,,,,,,,,,,,,,,,,,
5,420,breakfast,,,,,,,,,,,,,,,,,,,
5,430,lunch,,,,,,,,,,,,,,,,,,,
5,440,dinner,,,,,,,,,,,,,,,,,,,
5,450,supper,,,,,,,,,,,,,,,,,,,
5,460,peel,pes,,,,,,,,,,,,,,,,,,
5,460,peel,kawotma,,,,,,,,,,,,,,,,,,
5,460,peel,seser,,,,,,,,,,,,,,,,,,
5,470,"sieve, strain",uda,,,,,,,,,,,,,,,,,,
5,470,"sieve, strain",sarun,,,,,,,,,,,,,,,,,,
5,470,"sieve, strain",kurera,,,,,,,,,,,,,,,,,,
5,470,"sieve, strain",teteris,,,,,,,,,,,,,,,,,,
5,480,scrape,koyal,,,,,,,,,,,,,,,,,,
5,490,"stir, mix",koyal,,,,,,,,,,,,,,,,,,
5,510,bread,roti,,,,,,Malay or other Austronesian loan,,,,,,,,,,,,
5,530,dough,,,,,,,,,,,,,,,,,,,
5,540,knead,,,,,,,,,,,,,,,,,,,
5,550,"meal, flour",,,,,,,,,,,,,,,,,,,
5,560,"crush, grind",maraok,,,,,,,,,,,,,,,,,,
5,570,mill,,,,,,,,,,,,,,,,,,,
5,580,mortar,rusing,,,,,,,,,,,,,,,,,,
5,590,pestle,naloli,,,,,,,,,,,,,,,,,,
5,590,pestle,rusinggain,,,,,,,,,,,,,,,,,,
5,610,meat,dagim,,,,,,Malay or other Austronesian loan,,,,,,,,,,,,
5,630,sausage,,,,,,,,,,,,,,,,,,,
5,640,"soup, broth",,,,,,,,,,,,,,,,,,,
5,650,vegetables,wele,,,,,,,,,,,,,,,,,,
5,660,bean,kawuok,,,,,,,,,,,,,,,,,,
5,700,potato,yap,,,,,,,,,,,,,,,,,,
5,700,potato,yap seran,,,,,,,,,,,,,,,,,,
5,710,fruit,nak,,,,,,,,,,,,,,,,,,
5,710,fruit,tep,,,,,,,,,,,,,,,,,,
5,712,bunch,pel,,,,,,,,,,,,,,,,,,
5,750,fig,,,,,,,,,,,,,,,,,,,
5,760,grape,,,,,,,,,,,,,,,,,,,
5,770,nut,kawuok,,,,,,,,,,,,,,,,,,
5,780,olive,,,,,,,,,,,,,,,,,,,
5,790,oil,ming,,,,,,,,,,,,,,,,,,
5,791,"grease, fat",,,,,,,,,,,,,,,,,,,
5,810,salt,sira,,,,,,,,,,,,,,,,,,
5,820,pepper,,,,,,,,,,,,,,,,,,,
5,821,chili pepper,lenggalengga,,,,,,,,,,,,,,,,,,
5,840,honey,wenawena,,,,,,,,,,,,,,,,,,
5,850,sugar,nasuena,,,,,,,,,,,,,,,,,,
5,860,milk (noun),am perun,,,,,,breast milk,,,,,,,,,,,,
5,860,milk (noun),susu,,,,,,Malay or other Austronesian loan,,,,,,,,,,,,
5,870,milk (vb),,,,,,,,,,,,,,,,,,,
5,880,cheese,,,,,,,,,,,,,,,,,,,
5,890,butter,,,,,,,,,,,,,,,,,,,
5,900,"beverage, drink",minum,,,,,,Malay or other Austronesian loan,,,,,,,,,,,,
5,900,"beverage, drink",minuman,,,,,,Malay or other Austronesian loan,,,,,,,,,,,,
5,910,mead,,,,,,,,,,,,,,,,,,,
5,920,wine,,,,,,,,,,,,,,,,,,,
5,930,beer,bir,,,,,,Malay or other Austronesian loan,,,,,,,,,,,,
5,940,fermented drink,,,,,,,,,,,,,,,,,,,
5,970,egg,nar,,,,,,,,,,,,,,,,,,
5,971,egg yolk,,,,,,,,,,,,,,,,,,,
6,110,put on (clothes),sabur,,,,,,,,,,,,,,,,,,
6,110,put on (clothes),komasabur,,,,,,,,,,,,,,,,,,
6,120,"clothing, clothes",pakaian,,,,,,Malay or other Austronesian loan,,,,,,,,,,,,
6,130,tailor,,,,,,,Malay or other Austronesian loan,,,,,,,,,,,,
6,210,cloth,tapal,,,,,,,,,,,,,,,,,,
6,210,cloth,donselet,,,,,,,,,,,,,,,,,,
6,220,wool,,,,,,,,,,,,,,,,,,,
6,230,"linen, flax",,,,,,,,,,,,,,,,,,,
6,240,cotton,kapas,,,,,,Malay or other Austronesian loan,,,,,,,,,,,,
6,240,cotton,kai kawas,,,,,,Malay or other Austronesian loan,,,,,,,,,,,,
6,250,silk,,,,,,,,,,,,,,,,,,,
6,270,felt,,,,,,,,,,,,,,,,,,,
6,280,fur,,,,,,,,,,,,,,,,,,,
6,290,leather,,,,,,,,,,,,,,,,,,,
6,310,spin,,,,,,,,,,,,,,,,,,,
6,320,spindle,,,,,,,,,,,,,,,,,,,
6,330,weave,,,,,,,,,,,,,,,,,,,
6,340,loom,,,,,,,,,,,,,,,,,,,
6,350,sew,,,,,,,,,,,,,,,,,,,
6,360,needle,sin,,,,,,,,,,,,,,,,,,
6,370,awl,,,,,,,,,,,,,,,,,,,
6,380,thread,kawas,,,,,,,,,,,,,,,,,,
6,390,dye,,,,,,,,,,,,,,,,,,,
6,410,cloak,,,,,,,,,,,,,,,,,,,
6,411,poncho,,,,,,,,,,,,,,,,,,,
6,420,woman's dress,kabai,,,,,,,,,,,,,,,,,,
6,430,coat,,,,,,,,,,,,,,,,,,,
6,440,shirt,ladan,,,,,,,,,,,,,,,,,,
6,450,collar,,,,,,,,,,,,,,,,,,,
6,460,skirt,,,,,,,,,,,,,,,,,,,
6,461,grass-skirt,,,,,,,,,,,,,,,,,,,
6,480,trousers,,,,,,,,,,,,,,,,,,,
6,490,"stocking, sock",,,,,,,,,,,,,,,,,,,
6,510,shoe,sepatu,,,,,,,,,,,,,,,,,,
6,520,boot,,,,,,,,,,,,,,,,,,,
6,540,"shoemaker, cobbler",,,,,,,,,,,,,,,,,,,
6,550,"hat, cap",sepe,,,,,,,,,,,,,,,,,,
6,550,"hat, cap",saraun,,,,,,,,,,,,,,,,,,
6,550,"hat, cap",kawier,,,,,,,,,,,,,,,,,,
6,570,"belt, girdle",,,,,,,,,,,,,,,,,,,
6,580,glove,,,,,,,,,,,,,,,,,,,
6,590,veil,,,,,,,,,,,,,,,,,,,
6,610,pocket,,,,,,,,,,,,,,,,,,,
6,620,button,,,,,,,,,,,,,,,,,,,
6,630,pin,sopsop,,,,,,,,,,,,,,,,,,
6,710,"ornament, adornment",,,,,,,,,,,,,,,,,,,
6,720,jewel,,,,,,,,,,,,,,,,,,,
6,730,ring (for finger),tanggarara,,,,,,,,,,,,,,,,,,
6,740,bracelet,liti,,,,,,,,,,,,,,,,,,
6,750,necklace,kalung,,,,,,,,,,,,,,,,,,
6,760,bead,samor,,,,,,,,,,,,,,,,,,
6,770,earring,gigiwang,,,,,,,,,,,,,,,,,,
6,780,"headband, headdress",,,,,,,,,,,,,,,,,,,
6,790,tattoo,,,,,,,,,,,,,,,,,,,
6,810,"handkerchief, rag",yuon,,,,,,,,,,,,,,,,,,
6,820,towel,handuk,,,,,,Malay or other Austronesian loan,,,,,,,,,,,,
6,910,comb,sisir,,,,,,comb,,,,,,,,,,,,
6,910,comb,suor,,,,,,bamboo comb,,,,,,,,,,,,
6,920,brush,,,,,,,,,,,,,,,,,,,
6,921,braid,pakpak,,,,,,,,,,,,,,,,,,
6,930,razor,,,,,,,,,,,,,,,,,,,
6,940,ointment,,,,,,,,,,,,,,,,,,,
6,950,soap,sabur,,,,,,,,,,,,,,,,,,
6,960,mirror,,,,,,,,,,,,,,,,,,,
7,110,"dwell, live",tua,,,,,,,,,,,,,,,,,,
7,110,"dwell, live",gocie,,,,,,,,,,,,,,,,,,
7,120,house,kewe,,,,,,,,,,,,,,,,,,
7,130,hut,,,,,,,,,,,,,,,,,,,
7,131,garden-house,,,,,,,,,,,,,,,,,,,
7,140,tent,sabua,,,,,,Malay or other Austronesian loan,,,,,,,,,,,,
7,150,"yard, court",,,,,,,,,,,,,,,,,,,
7,160,men's house,,,,,,,,,,,,,,,,,,,
7,170,cookhouse,,,,,,,,,,,,,,,,,,,
7,180,meeting house,,,,,,,,,,,,,,,,,,,
7,210,room,kalot,,,,,,,,,,,,,,,,,,
7,220,"door, gate",anggas,,,,,,,,,,,,,,,,,,
7,221,"doorpost, jamb",anggas padenun,,,,,,,,,,,,,,,,,,
7,230,lock (noun),,,,,,,,,,,,,,,,,,,
7,231,"latch, door-bolt",,,,,,,,,,,,,,,,,,,
7,240,key,koser,,,,,,,,,,,,,,,,,,
7,250,window,jendela,,,,,,Malay or other Austronesian loan,,,,,,,,,,,,
7,260,floor,tingkat,,,,,,Malay or other Austronesian loan,,,,,,,,,,,,
7,270,wall,goparar,,,,,,,,,,,,,,,,,,
7,310,fireplace,didir,,,,,,,,,,,,,,,,,,
7,320,stove,kamfor,,,,,,Malay or other Austronesian loan,,,,,,,,,,,,
7,330,chimney,,,,,,,,,,,,,,,,,,,
7,370,ladder,but,,,,,,,,,,,,,,,,,,
7,420,bed,minggalot,,,,,,,,,,,,,,,,,,
7,421,pillow,kalanggulung,,,,,,,,,,,,,,,,,,
7,422,blanket,,,,,,,,,,,,,,,,,,,
7,430,chair,kadera,,,,,,Malay or other Austronesian loan,,,,,,,,,,,,
7,440,table,meja,,,,,,Malay or other Austronesian loan,,,,,,,,,,,,
7,450,"lamp, torch",lampur,,,,,,Malay or other Austronesian loan,,,,,,,,,,,,
7,460,candle,,,,,,,,,,,,,,,,,,,
7,470,shelf,rak,,,,,,Malay or other Austronesian loan,,,,,,,,,,,,
7,480,trough,,,,,,,,,,,,,,,,,,,
7,510,roof,seng,,,,,,,,,,,,,,,,,,
7,510,roof,sanong,,,,,,,,,,,,,,,,,,
7,520,thatch,sanong,,,,,,,,,,,,,,,,,,
7,520,thatch,seng,,,,,,,,,,,,,,,,,,
7,530,ridgepole,tunggin,,,,,,,,,,,,,,,,,,
7,540,rafter,gunting,,,,,,,,,,,,,,,,,,
7,540,rafter,lepir,,,,,,,,,,,,,,,,,,
7,550,beam,balak,,,,,,,,,,,,,,,,,,
7,550,beam,regil,,,,,,,,,,,,,,,,,,
7,560,"post, pole",paden,,,,,,,,,,,,,,,,,,
7,570,board,pawan,,,,,,,,,,,,,,,,,,
7,580,arch,,,,,,,,,,,,,,,,,,,
7,610,mason,,,,,,,,,,,,,,,,,,,
7,620,brick,bataku,,,,,,,,,,,,,,,,,,
7,630,mortar,,,,,,,,,,,,,,,,,,,
7,640,adobe,,,,,,,,,,,,,,,,,,,
8,110,farmer,,,,,,,,,,,,,,,,,,,
8,120,field (for cultivation),,,,,,,,,,,,,,,,,,,
8,130,garden,amdir,,,,,,,,,,,,,,,,,,
8,150,"cultivate, till",,,,,,,,,,,,,,,,,,,
8,160,fence,tal,,,,,,,,,,,,,,,,,,
8,170,ditch,,,,,,,,,,,,,,,,,,,
8,210,plow,,,,,,,,,,,,,,,,,,,
8,212,furrow,,,,,,,,,,,,,,,,,,,
8,220,dig,ruo,,,,,,,,,,,,,,,,,,
8,230,spade,,,,,,,,,,,,,,,,,,,
8,240,shovel,eskop,,,,,,Malay or other Austronesian loan,,,,,,,,,,,,
8,250,hoe,,,,,,,,,,,,,,,,,,,
8,260,fork,,,,,,,,,,,,,,,,,,,
8,270,rake,,,,,,,,,,,,,,,,,,,
8,310,sow,,,,,,,,,,,,,,,,,,,
8,311,seed,dowi,,,,,,,,,,,,,,,,,,
8,311,seed,tang,,,,,,,,,,,,,,,,,,
8,320,"mow, reap",,,,,,,,,,,,,,,,,,,
8,330,"sickle, scythe",,,,,,,,,,,,,,,,,,,
8,340,thresh,,,,,,,,,,,,,,,,,,,
8,350,threshing-floor,,,,,,,,,,,,,,,,,,,
8,410,"crop, harvest",,,,,,,,,,,,,,,,,,,
8,420,"grain (barley, oats etc)",,,,,,,,,,,,,,,,,,,
8,430,wheat,,,,,,,,,,,,,,,,,,,
8,440,barley,,,,,,,,,,,,,,,,,,,
8,450,rye,,,,,,,,,,,,,,,,,,,
8,460,oats,,,,,,,,,,,,,,,,,,,
8,470,"maize, corn",keteles,,,,,,,,,,,,,,,,,,
8,480,rice,pasa,,,,,,,,,,,,,,,,,,
8,510,grass,kaman,,,,,,,,,,,,,,,,,,
8,510,grass,yuor,,,,,,,,,,,,,,,,,,
8,510,grass,kucai,,,,,,,,,,,,,,,,,,
8,520,hay,,,,,,,,,,,,,,,,,,,
8,530,plant (noun),,,,,,,,,,,,,,,,,,,
8,531,plant (vb),koya,,,,,,,,,,,,,,,,,,
8,540,root,kiel,,,,,,,,,,,,,,,,,,
8,550,branch,karok,,,,,,,,,,,,,,,,,,
8,550,branch,sanggoup,,,,,,,,,,,,,,,,,,
8,560,leaf,ol,,,,,,,,,,,,,,,,,,
8,560,leaf,lolok,,,,,,,,,,,,,,,,,,
8,570,flower,pus,,,,,,,,,,,,,,,,,,
8,570,flower,bunga,,,,,,Malay or other Austronesian loan,,,,,,,,,,,,
8,600,tree,ror,,,,,,,,,,,,,,,,,,
8,610,oak,,,,,,,,,,,,,,,,,,,
8,620,beech,,,,,,,,,,,,,,,,,,,
8,630,birch,,,,,,,,,,,,,,,,,,,
8,640,pine,,,,,,,,,,,,,,,,,,,
8,650,fir,,,,,,,,,,,,,,,,,,,
8,660,acorn,,,,,,,,,,,,,,,,,,,
8,670,vine,,,,,,,,,,,,,,,,,,,
8,680,tobacco,tabai,,,,,,,,,,,,,,,,,,
8,690,smoke (tobacco),kosom,,,,,,,,,,,,,,,,,,
8,691,pipe,,,,,,,,,,,,,,,,,,,
8,720,tree stump,ror tabur,,,,,,,,,,,,,,,,,,
8,730,tree trunk,ewun,,,,,,,,,,,,,,,,,,
8,740,forked branch,,,,,,,,,,,,,,,,,,,
8,750,bark,lokul,,,,,,,,,,,,,,,,,,
8,750,bark,ror kulun,,,,,,,,,,,,,,,,,,
8,760,sap,emun,,,,,,,,,,,,,,,,,,
8,760,sap,pol,,,,,,,,,,,,,,,,,,
8,810,palm tree,wat,,,,,,,,,,,,,,,,,,
8,810,palm tree,buok,,,,,,,,,,,,,,,,,,
8,810,palm tree,kaul,,,,,,,,,,,,,,,,,,
8,820,coconut,wat,,,,,,,,,,,,,,,,,,
8,830,citrus fruit,mun,,,,,,,,,,,,,,,,,,
8,840,banana tree,im,,,,,,,,,,,,,,,,,,
8,850,banyan,,,,,,,,,,,,,,,,,,,
8,910,sweet potato,yap seran,,,,,,,,,,,,,,,,,,
8,912,yam,yap seran,,,,,,,,,,,,,,,,,,
8,920,"tapioca, manioc, cassava",panggala,,,,,,,,,,,,,,,,,,
8,930,gourd,,,,,,,,,,,,,,,,,,,
8,931,"pumpkin, squash",kasabiti,,,,,,,,,,,,,,,,,,
8,940,bamboo,nop,,,,,,,,,,,,,,,,,,
8,940,bamboo,daluang,,,,,,,,,,,,,,,,,,
8,940,bamboo,gaus,,,,,,,,,,,,,,,,,,
8,940,bamboo,kasut,,,,,,,,,,,,,,,,,,
8,940,bamboo,karuan,,,,,,,,,,,,,,,,,,
8,940,bamboo,saban,,,,,,,,,,,,,,,,,,
8,940,bamboo,sasirip,,,,,,,,,,,,,,,,,,
8,940,bamboo,lawan,,,,,,,,,,,,,,,,,,
8,941,sugar cane,kom,,,,,,,,,,,,,,,,,,
8,960,fish poison (root),pak,,,,,,,,,,,,,,,,,,
8,960,fish poison (root),tup,,,,,,,,,,,,,,,,,,
8,970,nettle,sere,,,,,,,,,,,,,,,,,,
8,980,mushroom,kawien,,,,,,,,,,,,,,,,,,
9,110,"do, make",paruo,,,,,,,,,,,,,,,,,,
9,120,work,karajang,,,,,,Malay or other Austronesian loan,,,,,,,,,,,,
9,140,bend,maulma,,,,,,,,,,,,,,,,,,
9,150,fold,kang,,,,,,,,,,,,,,,,,,
9,150,fold,kawetkawet,,,,,,,,,,,,,,,,,,
9,150,fold,tawotma,,,,,,,,,,,,,,,,,,
9,150,fold,kawarma,,,,,,,,,,,,,,,,,,
9,160,"tie, bind",kanie,,,,,,,,,,,,,,,,,,
9,161,untie,,,,,,,,,,,,,,,,,,,
9,180,chain,ranti,,,,,,,,,,,,,,,,,,
9,190,"rope, cord",karek,,,,,,,,,,,,,,,,,,
9,192,knot (noun),,,,,,,,,,,,,,,,,,,
9,210,"strike (hit, beat)",pue,,,,,,,,,,,,,,,,,,
9,211,pound with fist,tu,,,,,,,,,,,,,,,,,,
9,220,cut,potma,,,,,,cut,,,,,,,,,,,,
9,220,cut,korkor,,,,,,cut wood into pieces,,,,,,,,,,,,
9,220,cut,tabak,,,,,,cut into short pieces,,,,,,,,,,,,
9,220,cut,paramua,,,,,,cut,,,,,,,,,,,,
9,220,cut,karok,,,,,,cut off branch,,,,,,,,,,,,
9,220,cut,masalaboung,,,,,,cut off the end of a stem or piece of wood,,,,,,,,,,,,
9,220,cut,suo,,,,,,cut a coconut,,,,,,,,,,,,
9,220,cut,suwarma,,,,,,cut diagonally,,,,,,,,,,,,
9,220,cut,seletma,,,,,,cut off a small bit (a sliver),,,,,,,,,,,,
9,220,cut,kortaptap,,,,,,cut out,,,,,,,,,,,,
9,220,cut,tolma,,,,,,cut string,,,,,,,,,,,,
9,220,cut,letma,,,,,,cut branch,,,,,,,,,,,,
9,220,cut,pel,,,,,,cut or split a bunch of bananas,,,,,,,,,,,,
9,220,cut,dakdak,,,,,,chop,,,,,,,,,,,,
9,220,cut,polas,,,,,,slice; cut,,,,,,,,,,,,
9,220,cut,marum,,,,,,slice; cut,,,,,,,,,,,,
9,220,cut,parair,,,,,,split,,,,,,,,,,,,
9,221,cut down,worma,,,,,,,,,,,,,,,,,,
9,222,"chop, hew",tawara,,,,,,,,,,,,,,,,,,
9,222,"chop, hew",dakdak,,,,,,,,,,,,,,,,,,
9,223,stab,komain,,,,,,,,,,,,,,,,,,
9,230,knife,tektek,,,,,,,,,,,,,,,,,,
9,240,"scissors, shears",,,,,,,,,,,,,,,,,,,
9,250,ax,lem,,,,,,,,,,,,,,,,,,
9,250,ax,wewar,,,,,,,,,,,,,,,,,,
9,251,adze,,,,,,,,,,,,,,,,,,,
9,260,break,kawar,,,,,,break (glass),,,,,,,,,,,,
9,260,break,suosuo,,,,,,break,,,,,,,,,,,,
9,260,break,naputus,,,,,,Malay or other Austronesian loan,,,,,,,,,,,,
9,260,break,maorek,,,,,,break down; pull apart,,,,,,,,,,,,
9,260,break,taraouk,,,,,,be broken; be snapped,,,,,,,,,,,,
9,260,break,sanggotma,,,,,,break off a branch; pick fruits,,,,,,,,,,,,
9,260,break,kawarma,,,,,,break; fold,,,,,,,,,,,,
9,260,break,meraraouk,,,,,,cause to break or snap,,,,,,,,,,,,
9,260,break,suo,,,,,,break (of a wave),,,,,,,,,,,,
9,260,break,kararma,,,,,,hit and break,,,,,,,,,,,,
9,260,break,parair,,,,,,split,,,,,,,,,,,,
9,261,broken,taraouk,,,,,,,,,,,,,,,,,,
9,270,split,parair,,,,,,,,,,,,,,,,,,
9,270,split,pel,,,,,,,,,,,,,,,,,,
9,280,tear,masarut,,,,,,,,,,,,,,,,,,
9,290,"flay, skin",,,,,,,,,,,,,,,,,,,
9,310,"rub, wipe",yuon,,,,,,,,,,,,,,,,,,
9,310,"rub, wipe",naram,,,,,,,,,,,,,,,,,,
9,310,"rub, wipe",nakucak,,,,,,,,,,,,,,,,,,
9,320,stretch,madong,,,,,,,,,,,,,,,,,,
9,320,stretch,soso,,,,,,,,,,,,,,,,,,
9,330,pull,kasawirma,,,,,,,,,,,,,,,,,,
9,330,pull,naseduk,,,,,,,,,,,,,,,,,,
9,330,pull,sewa,,,,,,,,,,,,,,,,,,
9,330,pull,dorma,,,,,,pull out,,,,,,,,,,,,
9,330,pull,darua,,,,,,pull out; unplug,,,,,,,,,,,,
9,330,pull,tadorma,,,,,,pull out with force,,,,,,,,,,,,
9,330,pull,kolo,,,,,,pull out; unplug,,,,,,,,,,,,
9,330,pull,ramie,,,,,,pull; drag,,,,,,,,,,,,
9,340,spread out,sangganggam,,,,,,,,,,,,,,,,,,
9,340,spread out,kowarwak,,,,,,,,,,,,,,,,,,
9,341,hang up,manggang,,,,,,,,,,,,,,,,,,
9,342,press,naram,,,,,,,,,,,,,,,,,,
9,343,"squeeze, wring",naramas,,,,,,,,,,,,,,,,,,
9,343,"squeeze, wring",golma,,,,,,,,,,,,,,,,,,
9,350,pour,gareor,,,,,,,,,,,,,,,,,,
9,350,pour,nasirang,,,,,,Malay or other Austronesian loan,,,,,,,,,,,,
9,360,wash,waruo,,,,,,,,,,,,,,,,,,
9,370,sweep,gokabara,,,,,,,,,,,,,,,,,,
9,370,sweep,kabara,,,,,,,,,,,,,,,,,,
9,380,broom,sirarai,,,,,,,,,,,,,,,,,,
9,422,tool,alat,,,,,,Malay or other Austronesian loan,,,,,,,,,,,,
9,430,carpenter,,,,,,,,,,,,,,,,,,,
9,440,build,,,,,,,,,,,,,,,,,,,
9,460,bore,bor,,,,,,Malay or other Austronesian loan,,,,,,,,,,,,
9,461,hollow out,,,,,,,,,,,,,,,,,,,
9,480,saw,aragadi,,,,,,Malay or other Austronesian loan,,,,,,,,,,,,
9,490,hammer,resan,,,,,,Malay or other Austronesian loan,,,,,,,,,,,,
9,500,nail,paku,,,,,,Malay or other Austronesian loan,,,,,,,,,,,,
9,560,glue,lem,,,,,,Malay or other Austronesian loan,,,,,,,,,,,,
9,600,"smith, blacksmith",,,,,,,,,,,,,,,,,,,
9,610,forge,,,,,,,,,,,,,,,,,,,
9,620,anvil,,,,,,,,,,,,,,,,,,,
9,630,cast (metals),,,,,,,,,,,,,,,,,,,
9,640,gold,marau,,,,,,,,,,,,,,,,,,
9,650,silver,,,,,,,,,,,,,,,,,,,
9,660,"copper, bronze",,,,,,,,,,,,,,,,,,,
9,670,iron,kamung,,,,,,,,,,,,,,,,,,
9,670,iron,taba,,,,,,,,,,,,,,,,,,
9,680,lead (noun),,,,,,,,,,,,,,,,,,,
9,690,"tin, tinplate",,,,,,,,,,,,,,,,,,,
9,710,potter,,,,,,,,,,,,,,,,,,,
9,720,mold (clay etc),,,,,,,,,,,,,,,,,,,
9,730,clay,naun kerkap,,,,,,lit. red earth,,,,,,,,,,,,
9,740,glass,gelas,,,,,,Malay or other Austronesian loan,,,,,,,,,,,,
9,750,"weave, plait",kajie,,,,,,,,,,,,,,,,,,
9,750,"weave, plait",gaim,,,,,,,,,,,,,,,,,,
9,750,"weave, plait",nadadi,,,,,,,,,,,,,,,,,,
9,760,basket,kiem,,,,,,,,,,,,,,,,,,
9,760,basket,pan,,,,,,,,,,,,,,,,,,
9,760,basket,kurera,,,,,,,,,,,,,,,,,,
9,770,mat,irar,,,,,,finely woven,,,,,,,,,,,,
9,770,mat,kalifan,,,,,,coarsely woven,,,,,,,,,,,,
9,771,rug,,,,,,,,,,,,,,,,,,,
9,780,netbag,toman,,,,,,,,,,,,,,,,,,
9,790,fan (noun),,,,,,,,,,,,,,,,,,,
9,791,fan (vb),kawiawi,,,,,,,,,,,,,,,,,,
9,810,carve,kies,,,,,,,,,,,,,,,,,,
9,820,sculptor,,,,,,,,,,,,,,,,,,,
9,830,statue,,,,,,,,,,,,,,,,,,,
9,840,chisel,taot,,,,,,,,,,,,,,,,,,
9,880,paint (noun),,,,,,,,,,,,,,,,,,,
9,890,paint (vb),cat,,,,,,Malay or other Austronesian loan,,,,,,,,,,,,
10,110,move,iar,,,,,,,,,,,,,,,,,,
10,120,turn over,barotma,,,,,,,,,,,,,,,,,,
10,120,turn over,roye,,,,,,,,,,,,,,,,,,
10,120,turn over,malaouk,,,,,,,,,,,,,,,,,,
10,120,turn over,mayilma,,,,,,,,,,,,,,,,,,
10,130,turn around,barotma,,,,,,,,,,,,,,,,,,
10,130,turn around,naurar,,,,,,,,,,,,,,,,,,
10,130,turn around,roye,,,,,,,,,,,,,,,,,,
10,140,"wind, wrap",kies,,,,,,,,,,,,,,,,,,
10,140,"wind, wrap",kafan,,,,,,,,,,,,,,,,,,
10,140,"wind, wrap",karap,,,,,,,,,,,,,,,,,,
10,150,roll,nabulis,,,,,,,,,,,,,,,,,,
10,160,drop (vb),matur,,,,,,,,,,,,,,,,,,
10,160,drop (vb),paruak,,,,,,,,,,,,,,,,,,
10,160,drop (vb),lapas,,,,,,,,,,,,,,,,,,
10,160,drop (vb),naberuak,,,,,,,,,,,,,,,,,,
10,160,drop (vb),komamun,,,,,,,,,,,,,,,,,,
10,170,twist,golma,,,,,,,,,,,,,,,,,,
10,210,rise,,,,,,,,,,,,,,,,,,,
10,220,"raise, lift",masak,,,,,,,,,,,,,,,,,,
10,220,"raise, lift",ganggie,,,,,,,,,,,,,,,,,,
10,230,fall,tur,,,,,,,,,,,,,,,,,,
10,240,drip,,,,,,,,,,,,,,,,,,,
10,250,throw,komain,,,,,,,,,,,,,,,,,,
10,250,throw,muk,,,,,,,,,,,,,,,,,,
10,250,throw,walawala,,,,,,,,,,,,,,,,,,
10,250,throw,mudi,,,,,,,,,,,,,,,,,,
10,252,catch (ball),loku,,,,,,,,,,,,,,,,,,
10,260,shake,tun,,,,,,,,,,,,,,,,,,
10,260,shake,goyang,,,,,,Malay or other Austronesian loan,,,,,,,,,,,,
10,320,flow,,,,,,,,,,,,,,,,,,,
10,330,sink,dare,,,,,,,,,,,,,,,,,,
10,340,float,pouk,,,,,,,,,,,,,,,,,,
10,350,swim,yie,,,,,,,,,,,,,,,,,,
10,351,dive,ar,,,,,,,,,,,,,,,,,,
10,352,splash,,,,,,,,,,,,,,,,,,,
10,360,sail (vb),kinggir,,,,,,,,,,,,,,,,,,
10,370,fly (vb),pararuo,,,,,,,,,,,,,,,,,,
10,380,blow,kou,,,,,,,,,,,,,,,,,,
10,410,"creep, crawl",gareor,,,,,,,,,,,,,,,,,,
10,410,"creep, crawl",guadang,,,,,,,,,,,,,,,,,,
10,410,"creep, crawl",manggaren,,,,,,,,,,,,,,,,,,
10,412,kneel,eiruk,,,,,,,,,,,,,,,,,,
10,413,crouch,,,,,,,,,,,,,,,,,,,
10,420,"slide, slip",sou,,,,,,,,,,,,,,,,,,
10,430,"jump, leap",dalang,,,,,,,,,,,,,,,,,,
10,431,kick,sempang,,,,,,Malay or other Austronesian loan,,,,,,,,,,,,
10,440,dance,nasula,,,,,,Malay or other Austronesian loan,,,,,,,,,,,,
10,440,dance,tarian,,,,,,,,,,,,,,,,,,
10,450,walk,marmar,,,,,,,,,,,,,,,,,,
10,451,limp,,,,,,,,,,,,,,,,,,,
10,460,run,kiem,,,,,,,,,,,,,,,,,,
10,460,run,tiri,,,,,,,,,,,,,,,,,,
10,470,go,bo,,,,,,,,,,,,,,,,,,
10,471,go up,sara,,,,,,,,,,,,,,,,,,
10,471,go up,era,,,,,,,,,,,,,,,,,,
10,472,climb,sara,,,,,,,,,,,,,,,,,,
10,473,go down,bara,,,,,,,,,,,,,,,,,,
10,474,go out,taluk,,,,,,,,,,,,,,,,,,
10,480,come,mia,,,,,,,,,,,,,,,,,,
10,481,come back,yecie,,,,,,,,,,,,,,,,,,
10,490,"go away, depart",,,,,,,,,,,,,,,,,,,
10,491,disappear,gosomin,,,,,,,,,,,,,,,,,,
10,510,flee,kiem,,,,,,,,,,,,,,,,,,
10,520,follow,pareir,,,,,,,,,,,,,,,,,,
10,530,pursue,sarie,,,,,,,,,,,,,,,,,,
10,550,"reach, arrive",kobes,,,,,,,,,,,,,,,,,,
10,560,approach,,,,,,,,,,,,,,,,,,,
10,570,enter,masuk,,,,,,Malay or other Austronesian loan,,,,,,,,,,,,
10,610,carry (bear),poup,,,,,,living being on back,,,,,,,,,,,,
10,612,carry-in-hand,tanggo,,,,,,,,,,,,,,,,,,
10,613,carry-on-shoulder,lebaleba,,,,,,,,,,,,,,,,,,
10,613,carry-on-shoulder,bitko,,,,,,,,,,,,,,,,,,
10,614,carry-on-head,pabie,,,,,,with help of string around neck,,,,,,,,,,,,
10,615,carry-underarm,nawas,,,,,,,,,,,,,,,,,,
10,620,bring,kuru,,,,,,,,,,,,,,,,,,
10,620,bring,kuet,,,,,,,,,,,,,,,,,,
10,620,bring,bon,,,,,,,,,,,,,,,,,,
10,630,send,kiempanait,,,,,,,,,,,,,,,,,,
10,630,send,kama,,,,,,,,,,,,,,,,,,
10,640,lead (vb),narorar,,,,,,,,,,,,,,,,,,
10,650,drive,,,,,,,,,,,,,,,,,,,
10,660,ride,tiri,,,,,,"motor boat, bike",,,,,,,,,,,,
10,670,"push, shove",deir,,,,,,,,,,,,,,,,,,
10,670,"push, shove",kosiaur,,,,,,,,,,,,,,,,,,
10,710,road,urap,,,,,,,,,,,,,,,,,,
10,710,road,borun,,,,,,,,,,,,,,,,,,
10,720,path,urap,,,,,,,,,,,,,,,,,,
10,740,bridge,,,,,,,,,,,,,,,,,,,
10,750,"carriage, wagon, cart",,,,,,,,,,,,,,,,,,,
10,760,wheel,,,,,,,,,,,,,,,,,,,
10,770,axle,,,,,,,,,,,,,,,,,,,
10,780,yoke,,,,,,,,,,,,,,,,,,,
10,810,ship,kapal,,,,,,Malay or other Austronesian loan,,,,,,,,,,,,
10,830,boat,kapal,,,,,,Malay or other Austronesian loan,,,,,,,,,,,,
10,831,canoe,et,,,,,,,,,,,,,,,,,,
10,832,outrigger,sanngat,,,,,,,,,,,,,,,,,,
10,832,outrigger,saser,,,,,,,,,,,,,,,,,,
10,840,raft,,,,,,,,,,,,,,,,,,,
10,850,oar,yal,,,,,,,,,,,,,,,,,,
10,851,paddle (noun),yal,,,,,,,,,,,,,,,,,,
10,852,row (vb),yal,,,,,,,,,,,,,,,,,,
10,860,rudder,uli,,,,,,,,,,,,,,,,,,
10,870,mast,peler,,,,,,,,,,,,,,,,,,
10,880,sail (noun),kier,,,,,,,,,,,,,,,,,,
10,890,anchor,saor,,,,,,,,,,,,,,,,,,
10,910,"harbor, port",los,,,,,,,,,,,,,,,,,,
10,920,land (vb),mararak,,,,,,,,,,,,,,,,,,
11,110,have,,,,,,,,,,,,,,,,,,,
11,120,"own, possess",,,,,,,,,,,,,,,,,,,
11,130,take,,,,,,,,,,,,,,,,,,,
11,140,"seize, grasp",,,,,,,,,,,,,,,,,,,
11,150,hold,kinkin,,,,,,,,,,,,,,,,,,
11,150,hold,iar,,,,,,,,,,,,,,,,,,
11,150,hold,tanggo,,,,,,,,,,,,,,,,,,
11,160,"get, obtain",jie,,,,,,,,,,,,,,,,,,
11,160,"get, obtain",rep,,,,,,,,,,,,,,,,,,
11,170,"keep, retain",,,,,,,,,,,,,,,,,,,
11,180,thing,don,,,,,,,,,,,,,,,,,,
11,210,give,âˆ…,,,,,,zero root,,,,,,,,,,,,
11,220,give back,namasuk,,,,,,,,,,,,,,,,,,
11,240,"preserve, look after",cam,,,,,,,,,,,,,,,,,,
11,250,"save, rescue",,,,,,,,,,,,,,,,,,,
11,270,destroy,fakurat,,,,,,,,,,,,,,,,,,
11,280,"harm, injure, damage",,,,,,,,,,,,,,,,,,,
11,310,"seek, look for",sanngara,,,,,,,,,,,,,,,,,,
11,320,find,koluk,,,,,,,,,,,,,,,,,,
11,330,lose,,,,,,,,,,,,,,,,,,,
11,340,"release, let go",,,,,,,,,,,,,,,,,,,
11,430,money,lolok,,,,,,,,,,,,,,,,,,
11,430,money,pitis,,,,,,,,,,,,,,,,,,
11,440,coin,,,,,,,,,,,,,,,,,,,
11,510,rich,kaya,,,,,,,,,,,,,,,,,,
11,520,poor,,,,,,,,,,,,,,,,,,,
11,530,beggar,,,,,,,,,,,,,,,,,,,
11,540,"avaricious, stingy",kir,,,,,,,,,,,,,,,,,,
11,610,lend,,,,,,,,,,,,,,,,,,,
11,620,borrow,napinjang,,,,,,Malay or other Austronesian loan,,,,,,,,,,,,
11,630,owe,,,,,,,,,,,,,,,,,,,
11,640,debt,uran,,,,,,,,,,,,,,,,,,
11,650,pay (vb),newer,,,,,,,,,,,,,,,,,,
11,660,"account, reckoning",,,,,,,,,,,,,,,,,,,
11,690,"tax, tribute",,,,,,,,,,,,,,,,,,,
11,770,hire,,,,,,,,,,,,,,,,,,,
11,780,wages,,,,,,,,,,,,,,,,,,,
11,790,earn,,,,,,,,,,,,,,,,,,,
11,810,buy,jie,,,,,,,,,,,,,,,,,,
11,820,sell,parein,,,,,,,,,,,,,,,,,,
11,830,"trade, barter",,,,,,,,,,,,,,,,,,,
11,840,merchant,,,,,,,,,,,,,,,,,,,
11,850,market (place),pasar,,,,,,Malay or other Austronesian loan,,,,,,,,,,,,
11,860,"store, shop",,,,,,,,,,,,,,,,,,,
11,870,price,pareinun,,,,,,,,,,,,,,,,,,
11,880,"dear (costly, expensive)",,,,,,,,,,,,,,,,,,,
11,890,cheap,,,,,,,,,,,,,,,,,,,
11,910,share (distribute),yap,,,,,,,,,,,,,,,,,,
11,920,weigh,,,,,,,,,,,,,,,,,,,
12,10,after,setela,,,,,,Malay or other Austronesian loan,,,,,,,,,,,,
12,11,behind,silepko,,,,,,,,,,,,,,,,,,
12,11,behind,epko,,,,,,,,,,,,,,,,,,
12,11,behind,silep-,,,,,,,,,,,,,,,,,,
12,11,behind,ep-,,,,,,,,,,,,,,,,,,
12,20,beside,mul-,,,,,,,,,,,,,,,,,,
12,20,beside,mulko,,,,,,,,,,,,,,,,,,
12,30,"down, below",elak-,,,,,,,,,,,,,,,,,,
12,30,"down, below",elao,,,,,,,,,,,,,,,,,,
12,40,before,,,,,,,,,,,,,,,,,,,
12,41,front,borara,,,,,,,,,,,,,,,,,,
12,41,front,kalaor,,,,,,,,,,,,,,,,,,
12,41,front,sabar,,,,,,,,,,,,,,,,,,
12,41,front,kanggirarunggo,,,,,,,,,,,,,,,,,,
12,50,"inside, in",ner-,,,,,,,,,,,,,,,,,,
12,50,"inside, in",neko,,,,,,,,,,,,,,,,,,
12,50,"inside, in",nerun,,,,,,,,,,,,,,,,,,
12,50,"inside, in",nerunggo,,,,,,,,,,,,,,,,,,
12,60,outside,kol-,,,,,,,,,,,,,,,,,,
12,60,outside,talep,,,,,,,,,,,,,,,,,,
12,60,outside,kolko,,,,,,,,,,,,,,,,,,
12,70,under,elak-,,,,,,,,,,,,,,,,,,
12,70,under,elao,,,,,,,,,,,,,,,,,,
12,80,"up, above",keit-,,,,,,,,,,,,,,,,,,
12,80,"up, above",keitko,,,,,,,,,,,,,,,,,,
12,110,place,go,,,,,,,,,,,,,,,,,,
12,120,put,maraouk,,,,,,,,,,,,,,,,,,
12,130,sit,meleluo,,,,,,,,,,,,,,,,,,
12,140,lie down,,,,,,,,,,,,,,,,,,,
12,150,stand,mambara,,,,,,,,,,,,,,,,,,
12,160,"remain, stay",tua,,,,,,,,,,,,,,,,,,
12,160,"remain, stay",gocie,,,,,,,,,,,,,,,,,,
12,170,"remains, left overs",naharen,,,,,,,,,,,,,,,,,,
12,210,"collect, gather",rep,,,,,,,,,,,,,,,,,,
12,210,"collect, gather",natada,,,,,,Malay or other Austronesian loan,,,,,,,,,,,,
12,210,"collect, gather",olol,,,,,,,,,,,,,,,,,,
12,212,pick up,kajie,,,,,,,,,,,,,,,,,,
12,213,pile up,tengguen,,,,,,,,,,,,,,,,,,
12,213,pile up,merengguen,,,,,,,,,,,,,,,,,,
12,220,"join, unite",,,,,,,,,,,,,,,,,,,
12,230,separate,,,,,,,,,,,,,,,,,,,
12,232,divide,yap,,,,,,,,,,,,,,,,,,
12,240,open,paherma,,,,,,,,,,,,,,,,,,
12,240,open,wirma,,,,,,,,,,,,,,,,,,
12,240,open,tangguorma,,,,,,,,,,,,,,,,,,
12,240,open,nasiwik,,,,,,,,,,,,,,,,,,
12,240,open,kahetma,,,,,,,,,,,,,,,,,,
12,240,open,borma,,,,,,,,,,,,,,,,,,
12,250,"shut, close",koyen,,,,,,,,,,,,,,,,,,
12,250,"shut, close",komasasuk,,,,,,,,,,,,,,,,,,
12,250,"shut, close",tara,,,,,,,,,,,,,,,,,,
12,250,"shut, close",sanggie,,,,,,,,,,,,,,,,,,
12,250,"shut, close",nunun,,,,,,,,,,,,,,,,,,
12,250,"shut, close",nawarak,,,,,,,,,,,,,,,,,,
12,260,cover,komasabur,,,,,,,,,,,,,,,,,,
12,260,cover,koyen,,,,,,,,,,,,,,,,,,
12,260,cover,komasasuk,,,,,,,,,,,,,,,,,,
12,270,"hide, conceal",mormor,,,,,,,,,,,,,,,,,,
12,270,"hide, conceal",nung,,,,,,,,,,,,,,,,,,
12,310,high,nawarir,,,,,,,,,,,,,,,,,,
12,320,low,garos,,,,,,of tide only,,,,,,,,,,,,
12,330,top,keit-,,,,,,,,,,,,,,,,,,
12,340,bottom,elak-,,,,,,,,,,,,,,,,,,
12,350,end,,,,,,,,,,,,,,,,,,,
12,352,pointed,belbel,,,,,,,,,,,,,,,,,,
12,353,edge,as-,,,,,,,,,,,,,,,,,,
12,353,edge,asun,,,,,,,,,,,,,,,,,,
12,353,edge,siep-,,,,,,,,,,,,,,,,,,
12,353,edge,sieun,,,,,,,,,,,,,,,,,,
12,353,edge,duk,,,,,,,,,,,,,,,,,,
12,360,side,mul-,,,,,,,,,,,,,,,,,,
12,360,side,mulun,,,,,,,,,,,,,,,,,,
12,360,side,kirarun,,,,,,,,,,,,,,,,,,
12,360,side,tair,,,,,,,,,,,,,,,,,,
12,360,side,-dok,,,,,,,,,,,,,,,,,,
12,360,side,-pis,,,,,,,,,,,,,,,,,,
12,370,"middle, center",raor,,,,,,,,,,,,,,,,,,
12,410,right (side),tanbes,,,,,,,,,,,,,,,,,,
12,420,left (side),tantayon,,,,,,,,,,,,,,,,,,
12,430,near (adv),kokir,,,,,,,,,,,,,,,,,,
12,440,far (adv),kahen,,,,,,,,,,,,,,,,,,
12,450,east,talawak,,,,,,,,,,,,,,,,,,
12,460,west,daru,,,,,,,,,,,,,,,,,,
12,460,west,kemanur,,,,,,,,,,,,,,,,,,
12,470,north,kuawi,,,,,,,,,,,,,,,,,,
12,480,south,tarangin,,,,,,,,,,,,,,,,,,
12,530,grow,kos,,,,,,,,,,,,,,,,,,
12,540,measure,ukir,,,,,,Malay or other Austronesian loan,,,,,,,,,,,,
12,541,"span, fathom",taraman,,,,,,,,,,,,,,,,,,
12,550,"large, big",temun,,,,,,,,,,,,,,,,,,
12,560,"small, little",cicaun,,,,,,,,,,,,,,,,,,
12,560,"small, little",caun,,,,,,,,,,,,,,,,,,
12,570,long,kahen,,,,,,,,,,,,,,,,,,
12,580,tall,ririn,,,,,,,,,,,,,,,,,,
12,580,tall,kahen,,,,,,,,,,,,,,,,,,
12,590,short,tabusik,,,,,,,,,,,,,,,,,,
12,610,"wide, broad",laus,,,,,,,,,,,,,,,,,,
12,610,"wide, broad",soul,,,,,,,,,,,,,,,,,,
12,620,narrow,kou,,,,,,,,,,,,,,,,,,
12,630,thick (in dimension),mawal,,,,,,,,,,,,,,,,,,
12,650,thin (in dimension),samsik,,,,,,,,,,,,,,,,,,
12,670,deep,naman,,,,,,,,,,,,,,,,,,
12,680,shallow,,,,,,,,,,,,,,,,,,,
12,710,flat,rata,,,,,,Malay or other Austronesian loan,,,,,,,,,,,,
12,730,straight,yuorsik,,,,,,,,,,,,,,,,,,
12,740,crooked,maulcie,,,,,,,,,,,,,,,,,,
12,740,crooked,kawarcie,,,,,,,,,,,,,,,,,,
12,740,crooked,taungtaung,,,,,,,,,,,,,,,,,,
12,750,hook,kaling,,,,,,for fishing,,,,,,,,,,,,
12,760,corner,sair,,,,,,,,,,,,,,,,,,
12,770,cross,,,,,,,,,,,,,,,,,,,
12,780,square,,,,,,,,,,,,,,,,,,,
12,810,round,,,,,,,,,,,,,,,,,,,
12,820,circle,,,,,,,,,,,,,,,,,,,
12,830,"sphere, ball",gol,,,,,,,,,,,,,,,,,,
12,840,line,,,,,,,,,,,,,,,,,,,
12,850,hole,pos,,,,,,,,,,,,,,,,,,
12,850,hole,suarkang,,,,,,,,,,,,,,,,,,
12,920,"like, similar",nain,,,,,,,,,,,,,,,,,,
12,930,change,salir,,,,,,,,,,,,,,,,,,
12,930,change,naruba,,,,,,,,,,,,,,,,,,
13,0,"zero, nothing",saerak,,,,,,,,,,,,,,,,,,
13,10,one,kaninggonie,,,,,,,,,,,,,,,,,,
13,20,two,eir,,,,,,,,,,,,,,,,,,
13,30,three,karuok,,,,,,,,,,,,,,,,,,
13,40,four,kansuor,,,,,,,,,,,,,,,,,,
13,50,five,ap,,,,,,,,,,,,,,,,,,
13,60,six,raman,,,,,,,,,,,,,,,,,,
13,70,seven,ramandalin,,,,,,,,,,,,,,,,,,
13,80,eight,irie,,,,,,,,,,,,,,,,,,
13,90,nine,kaninggonie,,,,,,,,,,,,,,,,,,
13,100,ten,putkon,,,,,,,,,,,,,,,,,,
13,101,eleven,putkon ba kon,,,,,,,,,,,,,,,,,,
13,102,twelve,putkon ba eir,,,,,,,,,,,,,,,,,,
13,103,fifteen,putkon ba ap,,,,,,,,,,,,,,,,,,
13,104,twenty,purir,,,,,,,,,,,,,,,,,,
13,105,hundred,reit,,,,,,,,,,,,,,,,,,
13,106,thousand,ripi,,,,,,,,,,,,,,,,,,
13,107,count,narekin,,,,,,Austronesian loan,,,,,,,,,,,,
13,140,"every, all",tebonggan,,,,,,,,,,,,,,,,,,
13,150,"much, many",reidak,,,,,,,,,,,,,,,,,,
13,160,more,lebe,,,,,,Malay or other Austronesian loan,,,,,,,,,,,,
13,170,"little (quantity), few",reingge,,,,,,,,,,,,,,,,,,
13,180,enough,cukup,,,,,,Malay or other Austronesian loan,,,,,,,,,,,,
13,181,some,ikon,,,,,,,,,,,,,,,,,,
13,181,some,taukon,,,,,,,,,,,,,,,,,,
13,181,some,utkon,,,,,,,,,,,,,,,,,,
13,190,"multitude, crowd",,,,,,,,,,,,,,,,,,,
13,210,full,mikon,,,,,,,,,,,,,,,,,,
13,220,empty,saerak,,,,,,,,,,,,,,,,,,
13,230,"part, piece",selet,,,,,,,,,,,,,,,,,,
13,240,half,tabak,,,,,,,,,,,,,,,,,,
13,330,"alone, only",-saet,,,,,,,,,,,,,,,,,,
13,330,"alone, only",-tak,,,,,,,,,,,,,,,,,,
13,340,first,giarun,,,,,,,,,,,,,,,,,,
13,350,last,epkadok,,,,,,,,,,,,,,,,,,
13,360,second,,,,,,,,,,,,,,,,,,,
13,370,pair,,,,,,,,,,,,,,,,,,,
13,380,two times,wanir,,,,,,,,,,,,,,,,,,
13,420,third,,,,,,,,,,,,,,,,,,,
13,440,three times,wanggaruok,,,,,,,,,,,,,,,,,,
14,110,time,waktu,,,,,,Malay or other Austronesian loan,,,,,,,,,,,,
14,110,time,jaman,,,,,,Malay or other Austronesian loan,,,,,,,,,,,,
14,120,age,usia,,,,,,Malay or other Austronesian loan,,,,,,,,,,,,
14,130,new,giarun,,,,,,,,,,,,,,,,,,
14,140,young,towari,,,,,,,,,,,,,,,,,,
14,140,young,kalomun,,,,,,,,,,,,,,,,,,
14,150,old,tik,,,,,,,,,,,,,,,,,,
14,150,old,sawaun,,,,,,,,,,,,,,,,,,
14,160,early,,,,,,,,,,,,,,,,,,,
14,170,late,,,,,,,,,,,,,,,,,,,
14,180,now,opatun,,,,,,,,,,,,,,,,,,
14,180,now,sekarang,,,,,,Malay or other Austronesian loan,,,,,,,,,,,,
14,190,immediately,,,,,,,,,,,,,,,,,,,
14,210,"swift, fast, quick",mon,,,,,,,,,,,,,,,,,,
14,210,"swift, fast, quick",loi,,,,,,,,,,,,,,,,,,
14,220,slow,siktak,,,,,,,,,,,,,,,,,,
14,230,"hasten, hurry",loi,,,,,,,,,,,,,,,,,,
14,240,"retard, delay",,,,,,,,,,,,,,,,,,,
14,250,"begin, beginning",mulai,,,,,,Malay loan,,,,,,,,,,,,
14,250,"begin, beginning",istar,,,,,,Dutch loan,,,,,,,,,,,,
14,252,"last, endure",,,,,,,,,,,,,,,,,,,
14,260,end (temporal),koyet,,,,,,,,,,,,,,,,,,
14,270,finish,koyet,,,,,,,,,,,,,,,,,,
14,280,"cease, stop",berhenti,,,,,,Malay or Dutch loan,,,,,,,,,,,,
14,280,"cease, stop",istop,,,,,,Malay or Dutch loan,,,,,,,,,,,,
14,280,"cease, stop",telin,,,,,,,,,,,,,,,,,,
14,290,ready,siap,,,,,,Malay or other Austronesian loan,,,,,,,,,,,,
14,310,always,,,,,,,,,,,,,,,,,,,
14,320,often,,,,,,,,,,,,,,,,,,,
14,330,sometimes,,,,,,,,,,,,,,,,,,,
14,331,soon,,,,,,,,,,,,,,,,,,,
14,332,long-time (for a),tik,,,,,,,,,,,,,,,,,,
14,340,never,tok,,,,,,,,,,,,,,,,,,
14,350,again,koi,,,,,,,,,,,,,,,,,,
14,350,again,-taet,,,,,,,,,,,,,,,,,,
14,410,day,yuol,,,,,,,,,,,,,,,,,,
14,420,night,saun,,,,,,,,,,,,,,,,,,
14,430,dawn,sobas,,,,,,,,,,,,,,,,,,
14,440,morning,naupar,,,,,,,,,,,,,,,,,,
14,440,morning,go dung,,,,,,,,,,,,,,,,,,
14,450,"noon, midday",yuon nawariri,,,,,,,,,,,,,,,,,,
14,450,"noon, midday",daruon,,,,,,,,,,,,,,,,,,
14,451,afternoon,go gingginr,,,,,,,,,,,,,,,,,,
14,460,evening,go saun,,,,,,,,,,,,,,,,,,
14,470,today,opa yuwa,,,,,,,,,,,,,,,,,,
14,480,tomorrow,kasur,,,,,,,,,,,,,,,,,,
14,481,day-after-tomorrow,keirko,,,,,,,,,,,,,,,,,,
14,490,yesterday,wis,,,,,,,,,,,,,,,,,,
14,491,day-before-yesterday,keitar,,,,,,,,,,,,,,,,,,
14,510,hour,jam,,,,,,Malay or other Austronesian loan,,,,,,,,,,,,
14,530,"clock, timepiece",jam,,,,,,Malay or other Austronesian loan,,,,,,,,,,,,
14,610,week,minggu,,,,,,Malay or other Austronesian loan,,,,,,,,,,,,
14,620,Sunday,ahat,,,,,,Malay or other Austronesian loan,,,,,,,,,,,,
14,620,Sunday,minggu,,,,,,Malay or other Austronesian loan,,,,,,,,,,,,
14,630,Monday,senen,,,,,,Malay or other Austronesian loan,,,,,,,,,,,,
14,640,Tuesday,selasa,,,,,,Malay or other Austronesian loan,,,,,,,,,,,,
14,650,Wednesday,roba,,,,,,Malay or other Austronesian loan,,,,,,,,,,,,
14,660,Thursday,kamis,,,,,,Malay or other Austronesian loan,,,,,,,,,,,,
14,670,Friday,ariemun,,,,,,Malay or other Austronesian loan,,,,,,,,,,,,
14,670,Friday,jumat,,,,,,Malay or other Austronesian loan,,,,,,,,,,,,
14,680,Saturday,sabtu,,,,,,Malay or other Austronesian loan,,,,,,,,,,,,
14,710,month,pak,,,,,,,,,,,,,,,,,,
14,730,year,tanggon,,,,,,,,,,,,,,,,,,
14,740,winter,,,,,,,,,,,,,,,,,,,
14,750,spring,,,,,,,,,,,,,,,,,,,
14,760,summer,,,,,,,,,,,,,,,,,,,
14,770,autumn,,,,,,,,,,,,,,,,,,,
14,780,season,mosun,,,,,,,,,,,,,,,,,,
15,210,smell (vb intrans),gawar,,,,,,,,,,,,,,,,,,
15,212,sniff,,,,,,,,,,,,,,,,,,,
15,220,smell (vb trans),gawar,,,,,,,,,,,,,,,,,,
15,220,smell (vb trans),lauk,,,,,,,,,,,,,,,,,,
15,250,"fragrant, good smelling",gawar,,,,,,,,,,,,,,,,,,
15,260,"stinking, bad smelling",gawar,,,,,,,,,,,,,,,,,,
15,310,taste,narasa,,,,,,Malay or other Austronesian loan,,,,,,,,,,,,
15,350,sweet,pen,,,,,,,,,,,,,,,,,,
15,360,salty,sira,,,,,,,,,,,,,,,,,,
15,370,bitter,mang,,,,,,,,,,,,,,,,,,
15,380,"acid, sour",mor,,,,,,,,,,,,,,,,,,
15,390,brackish,pasirwasir,,,,,,,,,,,,,,,,,,
15,410,hear,ra,,,,,,,,,,,,,,,,,,
15,410,hear,kelua,,,,,,,,,,,,,,,,,,
15,420,listen,kelua,,,,,,,,,,,,,,,,,,
15,440,"sound, noise",ar,,,,,,,,,,,,,,,,,,
15,440,"sound, noise",nun,,,,,,,,,,,,,,,,,,
15,450,loud,laur,,,,,,,,,,,,,,,,,,
15,460,"quiet, silence",,,,,,,,,,,,,,,,,,,
15,510,see,kome,,,,,,,,,,,,,,,,,,
15,510,see,kona,,,,,,,,,,,,,,,,,,
15,520,"look, look at",kome,,,,,,,,,,,,,,,,,,
15,520,"look, look at",kona,,,,,,,,,,,,,,,,,,
15,550,show,naunak,,,,,,,,,,,,,,,,,,
15,550,show,nawarik,,,,,,,,,,,,,,,,,,
15,550,show,balaok,,,,,,,,,,,,,,,,,,
15,560,shine,yuolyuol,,,,,,,,,,,,,,,,,,
15,560,shine,delepdelep,,,,,,,,,,,,,,,,,,
15,570,bright,yuolyuol,,,,,,,,,,,,,,,,,,
15,610,color,,,,,,,,,,,,,,,,,,,
15,620,light (in color),yuolyuol,,,,,,,,,,,,,,,,,,
15,630,dark (in color),,,,,,,,,,,,,,,,,,,
15,640,white,iriskap,,,,,,,,,,,,,,,,,,
15,650,black,kuskap,,,,,,,,,,,,,,,,,,
15,660,red,kerkap,,,,,,,,,,,,,,,,,,
15,670,blue,welenggap,,,,,,,,,,,,,,,,,,
15,680,green,welenggap,,,,,,,,,,,,,,,,,,
15,690,yellow,baranggap,,,,,,,,,,,,,,,,,,
15,710,touch,kosara,,,,,,,,,,,,,,,,,,
15,712,pinch,pulma,,,,,,,,,,,,,,,,,,
15,720,feel,rasa,,,,,,,,,,,,,,,,,,
15,740,hard,karan,,,,,,,,,,,,,,,,,,
15,750,soft,kalawen,,,,,,,,,,,,,,,,,,
15,760,rough,kasar,,,,,,Malay or other Austronesian loan,,,,,,,,,,,,
15,770,smooth,,,,,,,,,,,,,,,,,,,
15,780,sharp,kang,,,,,,,,,,,,,,,,,,
15,780,sharp,belbel,,,,,,,,,,,,,,,,,,
15,790,"blunt, dull",karaonggis,,,,,,,,,,,,,,,,,,
15,810,heavy,tagier,,,,,,,,,,,,,,,,,,
15,820,light (in weight),sumsik,,,,,,,,,,,,,,,,,,
15,820,light (in weight),suensik,,,,,,,,,,,,,,,,,,
15,830,"wet, damp",kamen,,,,,,,,,,,,,,,,,,
15,840,dry,kararak,,,,,,,,,,,,,,,,,,
15,850,hot,lalang,,,,,,,,,,,,,,,,,,
15,851,warm,lalang,,,,,,,,,,,,,,,,,,
15,860,cold,lu,,,,,,,,,,,,,,,,,,
15,860,cold,kawes,,,,,,,,,,,,,,,,,,
15,870,clean,barsi,,,,,,Malay or other Austronesian loan,,,,,,,,,,,,
15,880,"dirty, soiled",kotur,,,,,,Malay or other Austronesian loan,,,,,,,,,,,,
15,890,wrinkled,,,,,,,,,,,,,,,,,,,
16,110,"soul, spirit",arwa,,,,,,Malay or other Austronesian loan,,,,,,,,,,,,
16,110,"soul, spirit",roh,,,,,,,,,,,,,,,,,,
16,150,"surprised, astonished",,,,,,,,,,,,,,,,,,,
16,180,"good fortune, luck",tanggal,,,,,,,,,,,,,,,,,,
16,190,"misfortune, bad luck",saier,,,,,,,,,,,,,,,,,,
16,230,"joyful, glad, happy",sanang,,,,,,Malay or other Austronesian loan,,,,,,,,,,,,
16,250,laugh,rap,,,,,,,,,,,,,,,,,,
16,250,laugh,komayeki,,,,,,,,,,,,,,,,,,
16,251,smile,,,,,,,,,,,,,,,,,,,
16,260,play,,,,,,,,,,,,,,,,,,,
16,270,love,,,,,,,,,,,,,,,,,,,
16,290,kiss,namusi,,,,,,Malay or other Austronesian loan,,,,,,,,,,,,
16,300,embrace,koup,,,,,,,,,,,,,,,,,,
16,310,pain,,,,,,,,,,,,,,,,,,,
16,320,"grief, sorrow, sadness",,,,,,,,,,,,,,,,,,,
16,330,"anxiety, worry",,,,,,,,,,,,,,,,,,,
16,340,"regret, be sorry",namenyasal,,,,,,Malay or other Austronesian loan,,,,,,,,,,,,
16,350,pity,,,,,,,,,,,,,,,,,,,
16,370,"cry, weep",ecua,,,,,,,,,,,,,,,,,,
16,370,"cry, weep",eruap,,,,,,,,,,,,,,,,,,
16,380,tear (noun),pertam,,,,,,,,,,,,,,,,,,
16,390,groan,,,,,,,,,,,,,,,,,,,
16,410,hate,,,,,,,,,,,,,,,,,,,
16,420,anger,kademor,,,,,,verb,,,,,,,,,,,,
16,420,anger,bonaras,,,,,,verb,,,,,,,,,,,,
16,420,anger,kouran,,,,,,verb,,,,,,,,,,,,
16,420,anger,kacok,,,,,,verb,,,,,,,,,,,,
16,420,anger,koewa,,,,,,verb,,,,,,,,,,,,
16,440,"envy, jealousy",,,,,,,,,,,,,,,,,,,
16,450,shame (noun),,,,,,,,,,,,,,,,,,,
16,480,proud,,,,,,,,,,,,,,,,,,,
16,510,dare,,,,,,,,,,,,,,,,,,,
16,520,brave,,,,,,,,,,,,,,,,,,,
16,530,"fear, fright",sem,,,,,,,,,,,,,,,,,,
16,540,danger,,,,,,,,,,,,,,,,,,,
16,620,"desire, want",mau,,,,,,Malay or other Austronesian loan,,,,,,,,,,,,
16,620,"desire, want",lo,,,,,,,,,,,,,,,,,,
16,622,choose,,,,,,,,,,,,,,,,,,,
16,630,hope,,,,,,,,,,,,,,,,,,,
16,650,faithful,,,,,,,,,,,,,,,,,,,
16,660,true,yuor,,,,,,,,,,,,,,,,,,
16,670,"lie, tell lies",taouk,,,,,,,,,,,,,,,,,,
16,670,"lie, tell lies",kidi,,,,,,,,,,,,,,,,,,
16,670,"lie, tell lies",marok,,,,,,,,,,,,,,,,,,
16,680,deceit,,,,,,,,,,,,,,,,,,,
16,690,forgive,,,,,,,,,,,,,,,,,,,
16,710,good,bes,,,,,,,,,,,,,,,,,,
16,720,bad,ten,,,,,,,,,,,,,,,,,,
16,730,"right, correct",yuor,,,,,,,,,,,,,,,,,,
16,740,wrong,sala,,,,,,Malay or other Austronesian loan,,,,,,,,,,,,
16,760,fault,kasalahan,,,,,,Malay or other Austronesian loan,,,,,,,,,,,,
16,770,"mistake, error",kasalahan,,,,,,Malay or other Austronesian loan,,,,,,,,,,,,
16,780,blame,,,,,,,,,,,,,,,,,,,
16,790,praise,,,,,,,,,,,,,,,,,,,
16,810,beautiful,,,,,,,,,,,,,,,,,,,
16,820,ugly,,,,,,,,,,,,,,,,,,,
16,830,greedy,kir,,,,,,,,,,,,,,,,,,
16,840,clever,,,,,,,,,,,,,,,,,,,
17,110,mind,,,,,,,,,,,,,,,,,,,
17,130,think (= reflect),nafikir,,,,,,Malay or other Austronesian loan,,,,,,,,,,,,
17,140,think (= be of the opinion),kona,,,,,,,,,,,,,,,,,,
17,140,think (= be of the opinion),toni,,,,,,,,,,,,,,,,,,
17,150,believe,parcai,,,,,,,,,,,,,,,,,,
17,160,understand,,,,,,,,,,,,,,,,,,,
17,170,know,gonggin,,,,,,,,,,,,,,,,,,
17,171,guess,,,,,,,,,,,,,,,,,,,
17,172,imitate,,,,,,,,,,,,,,,,,,,
17,180,seem,,,,,,,,,,,,,,,,,,,
17,190,"idea, notion",,,,,,,,,,,,,,,,,,,
17,210,wise,,,,,,,,,,,,,,,,,,,
17,220,"foolish, stupid",boda,,,,,,Malay or other Austronesian loan,,,,,,,,,,,,
17,230,"insane, crazy",,,,,,,,,,,,,,,,,,,
17,240,learn,belajar,,,,,,Malay or other Austronesian loan,,,,,,,,,,,,
17,242,study,belajar,,,,,,Malay or other Austronesian loan,,,,,,,,,,,,
17,250,teach,ajar,,,,,,Malay or other Austronesian loan,,,,,,,,,,,,
17,260,pupil,,,,,,,,,,,,,,,,,,,
17,270,teacher,guru,,,,,,Malay or other Austronesian loan,,,,,,,,,,,,
17,280,school,sekola,,,,,,Malay or other Austronesian loan,,,,,,,,,,,,
17,310,remember,konenen,,,,,,,,,,,,,,,,,,
17,320,forget,konawaruo,,,,,,,,,,,,,,,,,,
17,340,"clear, plain",sir,,,,,,,,,,,,,,,,,,
17,350,obscure,,,,,,,,,,,,,,,,,,,
17,360,secret,,,,,,,,,,,,,,,,,,,
17,370,"sure, certain",,,,,,,,,,,,,,,,,,,
17,380,explain,,,,,,,,,,,,,,,,,,,
17,410,"intention, purpose",,,,,,,,,,,,,,,,,,,
17,420,cause,,,,,,,,,,,,,,,,,,,
17,430,doubt,,,,,,,,,,,,,,,,,,,
17,440,suspect,,,,,,,,,,,,,,,,,,,
17,441,betray,,,,,,,,,,,,,,,,,,,
17,450,"need, necessity",parlu,,,,,,Malay or other Austronesian loan,,,,,,,,,,,,
17,460,easy,gampang,,,,,,Malay or other Austronesian loan,,,,,,,,,,,,
17,470,difficult,susia,,,,,,Malay or other Austronesian loan,,,,,,,,,,,,
17,480,"try, attempt",coba,,,,,,Malay or other Austronesian loan,,,,,,,,,,,,
17,490,"way, manner",cara,,,,,,Malay or other Austronesian loan,,,,,,,,,,,,
17,510,and,ba,,,,,,,,,,,,,,,,,,
17,520,because,-tenden,,,,,,,,,,,,,,,,,,
17,530,if,,,,,,,,,,,,,,,,,,,
17,540,or,ye,,,,,,,,,,,,,,,,,,
17,550,"yes, affirmative",iyo,,,,,,,,,,,,,,,,,,
17,550,"yes, affirmative",esie,,,,,,,,,,,,,,,,,,
17,560,"no, negative",ge,,,,,,,,,,,,,,,,,,
17,610,how?,tamandi,,,,,,,,,,,,,,,,,,
17,620,how many?,puraman,,,,,,,,,,,,,,,,,,
17,630,how much?,puraman,,,,,,,,,,,,,,,,,,
17,640,what?,neba,,,,,,,,,,,,,,,,,,
17,650,when?,yuol tama,,,,,,,,,,,,,,,,,,
17,660,where?,tamatko,,,,,,,,,,,,,,,,,,
17,670,which?,tama,,,,,,,,,,,,,,,,,,
17,680,who?,naman,,,,,,,,,,,,,,,,,,
17,690,why?,nenggap,,,,,,,,,,,,,,,,,,
18,110,voice,mang,,,,,,,,,,,,,,,,,,
18,120,sing,mirik,,,,,,,,,,,,,,,,,,
18,120,sing,nanggan,,,,,,,,,,,,,,,,,,
18,120,sing,menyanyi,,,,,,Malay or other Austronesian loan,,,,,,,,,,,,
18,130,"shout, cry out",narabir,,,,,,,,,,,,,,,,,,
18,130,"shout, cry out",arekmang,,,,,,,,,,,,,,,,,,
18,130,"shout, cry out",genggueng,,,,,,,,,,,,,,,,,,
18,150,whisper,noknok,,,,,,,,,,,,,,,,,,
18,160,mumble,,,,,,,,,,,,,,,,,,,
18,170,whistle,wuong,,,,,,,,,,,,,,,,,,
18,180,"shriek, screech",,,,,,,,,,,,,,,,,,,
18,190,howl,ewa,,,,,,,,,,,,,,,,,,
18,210,"speak, talk",garunggarung,,,,,,,,,,,,,,,,,,
18,211,"stutter, stammer",,,,,,,,,,,,,,,,,,,
18,220,say,toni,,,,,,,,,,,,,,,,,,
18,220,say,taruo,,,,,,,,,,,,,,,,,,
18,221,tell story,rer,,,,,,,,,,,,,,,,,,
18,222,speech (make a),,,,,,,,,,,,,,,,,,,
18,230,silent (be),nokidak,,,,,,,,,,,,,,,,,,
18,240,language,mang,,,,,,,,,,,,,,,,,,
18,260,word,,,,,,,,,,,,,,,,,,,
18,280,name,in,,,,,,,,,,,,,,,,,,
18,310,"ask (question, inquire)",gerket,,,,,,,,,,,,,,,,,,
18,320,answer,jawab,,,,,,Malay or other Austronesian loan,,,,,,,,,,,,
18,330,"admit, confess",,,,,,,,,,,,,,,,,,,
18,340,deny,,,,,,,,,,,,,,,,,,,
18,350,"ask, request",gerket,,,,,,,,,,,,,,,,,,
18,350,"ask, request",paning,,,,,,,,,,,,,,,,,,
18,360,promise,janji,,,,,,Malay or other Austronesian loan,,,,,,,,,,,,
18,360,promise,panok,,,,,,,,,,,,,,,,,,
18,370,refuse,sukaun ge,,,,,,,,,,,,,,,,,,
18,380,forbid,,,,,,,,,,,,,,,,,,,
18,390,"rebuke, scold",,,,,,,,,,,,,,,,,,,
18,410,call (=summon),gonggung,,,,,,,,,,,,,,,,,,
18,410,call (=summon),paning,,,,,,,,,,,,,,,,,,
18,420,call (=name),wolnelebor,,,,,,in a ritual sense,,,,,,,,,,,,
18,430,announce,,,,,,,,,,,,,,,,,,,
18,440,threaten,,,,,,,,,,,,,,,,,,,
18,450,boast,,,,,,,,,,,,,,,,,,,
18,510,write,natulis,,,,,,Malay or other Austronesian loan,,,,,,,,,,,,
18,520,read,nabaca,,,,,,Malay or other Austronesian loan,,,,,,,,,,,,
18,560,paper,kortas,,,,,,Malay or other Austronesian loan,,,,,,,,,,,,
18,570,pen,,,,,,,,,,,,,,,,,,,
18,610,book,buk,,,,,,Malay or other Austronesian loan,,,,,,,,,,,,
18,670,poet,,,,,,,,,,,,,,,,,,,
18,710,flute,wangguwanggus,,,,,,,,,,,,,,,,,,
18,720,drum,tiri,,,,,,,,,,,,,,,,,,
18,730,"horn, trumpet",,,,,,,,,,,,,,,,,,,
18,740,rattle,,,,,,,,,,,,,,,,,,,
19,110,country,,,,,,,,,,,,,,,,,,,
19,120,one's native country,,,,,,,,,,,,,,,,,,,
19,150,"city, town",,,,,,,,,,,,,,,,,,,
19,160,village,leng,,,,,,,,,,,,,,,,,,
19,170,boundary,kerap,,,,,,,,,,,,,,,,,,
19,170,boundary,tamun,,,,,,,,,,,,,,,,,,
19,210,people (populace),umat,,,,,,Malay or other Austronesian loan,,,,,,,,,,,,
19,230,"tribe, clan",teit-,,,,,,,,,,,,,,,,,,
19,240,"chief, chieftain",,,,,,,,,,,,,,,,,,,
19,250,"staff, walking stick",,,,,,,,,,,,,,,,,,,
19,310,"rule, govern",,,,,,,,,,,,,,,,,,,
19,320,"king, ruler",leit,,,,,,,,,,,,,,,,,,
19,330,queen,leit pas,,,,,,,,,,,,,,,,,,
19,360,"noble, nobleman",,,,,,,,,,,,,,,,,,,
19,370,"citizen, subject",,,,,,,,,,,,,,,,,,,
19,410,master,,,,,,,,,,,,,,,,,,,
19,420,slave,ke,,,,,,,,,,,,,,,,,,
19,430,servant,,,,,,,,,,,,,,,,,,,
19,440,freeman,,,,,,,,,,,,,,,,,,,
19,450,"command, order",sirie,,,,,,,,,,,,,,,,,,
19,450,"command, order",panok,,,,,,,,,,,,,,,,,,
19,450,"command, order",okmang,,,,,,,,,,,,,,,,,,
19,460,obey,,,,,,,,,,,,,,,,,,,
19,470,"let, permit",,,,,,,,,,,,,,,,,,,
19,510,"friend, companion",lidan,,,,,,,,,,,,,,,,,,
19,510,"friend, companion",sobat,,,,,,,,,,,,,,,,,,
19,510,"friend, companion",taman,,,,,,Malay or other Austronesian loan,,,,,,,,,,,,
19,520,enemy,,,,,,,,,,,,,,,,,,,
19,540,neighbor,teit-,,,,,,,,,,,,,,,,,,
19,550,stranger,somkabas,,,,,,,,,,,,,,,,,,
19,550,stranger,sontumkabas,,,,,,,,,,,,,,,,,,
19,560,guest,tamu,,,,,,Malay or other Austronesian loan,,,,,,,,,,,,
19,570,host,,,,,,,,,,,,,,,,,,,
19,580,"help, aid",rup,,,,,,,,,,,,,,,,,,
19,590,"hinder, prevent",namot,,,,,,,,,,,,,,,,,,
19,610,custom,kalour,,,,,,,,,,,,,,,,,,
19,620,"strife, quarrel",malawan,,,,,,Malay or other Austronesian loan,,,,,,,,,,,,
19,620,"strife, quarrel",baku malawan,,,,,,Malay or other Austronesian loan,,,,,,,,,,,,
19,630,"conspiracy, plot",,,,,,,,,,,,,,,,,,,
19,650,meet,koluk,,,,,,,,,,,,,,,,,,
19,650,meet,nauleluk,,,,,,,,,,,,,,,,,,
19,720,prostitute,,,,,,,,,,,,,,,,,,,
20,110,fight (vb),nausair,,,,,,,,,,,,,,,,,,
20,110,fight (vb),naras,,,,,,,,,,,,,,,,,,
20,130,"war, battle",,,,,,,,,,,,,,,,,,,
20,140,peace,,,,,,,,,,,,,,,,,,,
20,150,army,,,,,,,,,,,,,,,,,,,
20,170,soldier,,,,,,,,,,,,,,,,,,,
20,210,"weapons, arms",,,,,,,,,,,,,,,,,,,
20,220,club,pabiep,,,,,,,,,,,,,,,,,,
20,222,battle-ax,,,,,,,,,,,,,,,,,,,
20,230,sling,,,,,,,,,,,,,,,,,,,
20,240,bow,pusir,,,,,,,,,,,,,,,,,,
20,250,arrow,karop,,,,,,,,,,,,,,,,,,
20,260,spear,gala,,,,,,,,,,,,,,,,,,
20,260,spear,posiwosi,,,,,,,,,,,,,,,,,,
20,270,sword,,,,,,,,,,,,,,,,,,,
20,280,"gun, cannon",,,,,,,,,,,,,,,,,,,
20,310,armor (defensive),,,,,,,,,,,,,,,,,,,
20,330,helmet,,,,,,,,,,,,,,,,,,,
20,340,shield,,,,,,,,,,,,,,,,,,,
20,350,fortress,,,,,,,,,,,,,,,,,,,
20,360,tower,,,,,,,,,,,,,,,,,,,
20,410,victory,,,,,,,,,,,,,,,,,,,
20,420,defeat,,,,,,,,,,,,,,,,,,,
20,430,attack,,,,,,,,,,,,,,,,,,,
20,440,defend,,,,,,,,,,,,,,,,,,,
20,450,retreat,,,,,,,,,,,,,,,,,,,
20,460,surrender,,,,,,,,,,,,,,,,,,,
20,470,"captive, prisoner",,,,,,,,,,,,,,,,,,,
20,471,"guard, sentinel",,,,,,,,,,,,,,,,,,,
20,480,"booty, spoils",,,,,,,,,,,,,,,,,,,
20,490,ambush,,,,,,,,,,,,,,,,,,,
20,510,fisherman,,,,,,,,,,,,,,,,,,,
20,520,fishhook,kaling,,,,,,,,,,,,,,,,,,
20,530,fishing line,nika,,,,,,,,,,,,,,,,,,
20,530,fishing line,wien,,,,,,,,,,,,,,,,,,
20,540,fishnet,hukat,,,,,,,,,,,,,,,,,,
20,540,fishnet,suelet,,,,,,,,,,,,,,,,,,
20,550,fish trap,fer,,,,,,,,,,,,,,,,,,
20,550,fish trap,gawar,,,,,,,,,,,,,,,,,,
20,560,bait,set,,,,,,,,,,,,,,,,,,
20,610,hunt,sarie,,,,,,,,,,,,,,,,,,
20,620,shoot,saroum,,,,,,,,,,,,,,,,,,
20,620,shoot,sair,,,,,,,,,,,,,,,,,,
20,620,shoot,karop,,,,,,,,,,,,,,,,,,
20,630,miss (target),kotipol,,,,,,,,,,,,,,,,,,
20,640,trap (noun),,,,,,,,,,,,,,,,,,,
20,650,trap (vb),,,,,,,,,,,,,,,,,,,
21,110,law,,,,,,,,,,,,,,,,,,,
21,150,court,,,,,,,,,,,,,,,,,,,
21,160,judge (vb),,,,,,,,,,,,,,,,,,,
21,170,judgment,,,,,,,,,,,,,,,,,,,
21,180,judge (noun),,,,,,,,,,,,,,,,,,,
21,210,plaintiff,,,,,,,,,,,,,,,,,,,
21,220,defendant,,,,,,,,,,,,,,,,,,,
21,230,witness,,,,,,,,,,,,,,,,,,,
21,240,swear,,,,,,,,,,,,,,,,,,,
21,250,oath,,,,,,,,,,,,,,,,,,,
21,310,accuse,,,,,,,,,,,,,,,,,,,
21,320,condemn,,,,,,,,,,,,,,,,,,,
21,330,convict (vb),,,,,,,,,,,,,,,,,,,
21,340,acquit,,,,,,,,,,,,,,,,,,,
21,350,guilty,,,,,,,,,,,,,,,,,,,
21,360,innocent,,,,,,,,,,,,,,,,,,,
21,370,"penalty, punishment",,,,,,,,,,,,,,,,,,,
21,380,fine,,,,,,,,,,,,,,,,,,,
21,390,"prison, jail",lembaga,,,,,,Malay or other Austronesian loan,,,,,,,,,,,,
21,390,"prison, jail",pinjara,,,,,,,,,,,,,,,,,,
21,420,murder,,,,,,,,,,,,,,,,,,,
21,430,adultery,,,,,,,,,,,,,,,,,,,
21,440,rape,,,,,,,,,,,,,,,,,,,
21,460,arson,,,,,,,,,,,,,,,,,,,
21,470,perjury,,,,,,,,,,,,,,,,,,,
21,510,steal,kuek,,,,,,,,,,,,,,,,,,
21,510,steal,eksuet,,,,,,,,,,,,,,,,,,
21,520,thief,eksuet,,,,,,,,,,,,,,,,,,
22,110,religion,,,,,,,,,,,,,,,,,,,
22,120,God,,,,,,,,,,,,,,,,,,,
22,130,"temple, church",,,,,,,,,,,,,,,,,,,
22,140,altar,,,,,,,,,,,,,,,,,,,
22,150,"sacrifice, offering",sinara,,,,,,,,,,,,,,,,,,
22,150,"sacrifice, offering",saier,,,,,,,,,,,,,,,,,,
22,150,"sacrifice, offering",buoksarun,,,,,,,,,,,,,,,,,,
22,160,worship,nasambian,,,,,,Malay or other Austronesian loan,,,,,,,,,,,,
22,170,pray,natawar,,,,,,Malay or other Austronesian loan,,,,,,,,,,,,
22,180,priest,leba,,,,,,imam,,,,,,,,,,,,
22,190,"holy, sacred",,,,,,,,,,,,,,,,,,,
22,220,preach,,,,,,,,,,,,,,,,,,,
22,230,bless,,,,,,,,,,,,,,,,,,,
22,240,curse,kout,,,,,,,,,,,,,,,,,,
22,260,fast (vb),,,,,,,,,,,,,,,,,,,
22,310,heaven,,,,,,,,,,,,,,,,,,,
22,320,hell,,,,,,,,,,,,,,,,,,,
22,350,demon (evil spirit),sietan,,,,,,,,,,,,,,,,,,
22,370,idol,,,,,,,,,,,,,,,,,,,
22,420,"magic, witchcraft, sorcery",war,,,,,,,,,,,,,,,,,,
22,430,"sorcerer, witch",sontum warten,,,,,,,,,,,,,,,,,,
22,440,"fairy, elf",,,,,,,,,,,,,,,,,,,
22,450,"ghost, phantom",,,,,,,,,,,,,,,,,,,
22,470,"omen, portent",,,,,,,,,,,,,,,,,,,
